instance,parent,issue_type,dead_names,missing_slots,visual_tier,sibling_group,lookdev_note
/Game/EnvSandbox/Materials/Instances/Architecture/Atlantis/MI_Arch_KB3D_ATL_AtlasFlowersA,/Game/EnvSandbox/Materials/Instances/Atlantis/MI_AtlasFlowersA.MI_AtlasFlowersA,MARBLE-DEFAULT,,Albedo,MID,,Missing albedo texture - will show master default (likely grey/marble)
/Game/EnvSandbox/Materials/Instances/Architecture/Atlantis/MI_Arch_KB3D_ATL_AtlasIvy,/Game/EnvSandbox/Materials/Instances/Atlantis/MI_AtlasIvy.MI_AtlasIvy,MARBLE-DEFAULT,,Albedo,MID,,Missing albedo texture - will show master default (likely grey/marble)
/Game/EnvSandbox/Materials/Instances/Architecture/Atlantis/MI_Arch_KB3D_ATL_AtlasLeafA,/Game/EnvSandbox/Materials/Instances/Atlantis/MI_AtlasLeafA.MI_AtlasLeafA,MARBLE-DEFAULT,,Albedo,MID,,Missing albedo texture - will show master default (likely grey/marble)
/Game/EnvSandbox/Materials/Instances/Architecture/Atlantis/MI_Arch_KB3D_ATL_AtlasLeafB,/Game/EnvSandbox/Materials/Instances/Atlantis/MI_AtlasLeafB.MI_AtlasLeafB,DEAD-OVERRIDE,RefractionDepthBias,,MID,,Dead overrides may cause unpredictable shading: RefractionDepthBias
/Game/EnvSandbox/Materials/Instances/Architecture/Atlantis/MI_Arch_KB3D_ATL_AtlasPaintPatternsA,/Game/EnvSandbox/Materials/Instances/Atlantis/MI_AtlasPaintPatternsA.MI_AtlasPaintPatternsA,MARBLE-DEFAULT,,Albedo,MID,,Missing albedo texture - will show master default (likely grey/marble)
/Game/EnvSandbox/Materials/Instances/Architecture/Atlantis/MI_Arch_KB3D_ATL_AtlasTreeA,/Game/EnvSandbox/Materials/Instances/Atlantis/MI_AtlasTreeA.MI_AtlasTreeA,MARBLE-DEFAULT,,Albedo,MID,,Missing albedo texture - will show master default (likely grey/marble)
/Game/EnvSandbox/Materials/Instances/Architecture/Atlantis/MI_Arch_KB3D_ATL_BrickStoneCleanA,/Game/EnvSandbox/Materials/Instances/Atlantis/MI_BrickStoneCleanA.MI_BrickStoneCleanA,MARBLE-DEFAULT,,Albedo,MID,,Missing albedo texture - will show master default (likely grey/marble)
/Game/EnvSandbox/Materials/Instances/Architecture/Atlantis/MI_Arch_KB3D_ATL_BrickStoneCleanB,/Game/EnvSandbox/Materials/Instances/Atlantis/MI_BrickStoneCleanB.MI_BrickStoneCleanB,MARBLE-DEFAULT,,Albedo,MID,,Missing albedo texture - will show master default (likely grey/marble)
/Game/EnvSandbox/Materials/Instances/Architecture/Atlantis/MI_Arch_KB3D_ATL_BrickStoneCleanBeigeA,/Game/EnvSandbox/Materials/Instances/Atlantis/MI_BrickStoneCleanBeigeA.MI_BrickStoneCleanBeigeA,MARBLE-DEFAULT,,Albedo,MID,,Missing albedo texture - will show master default (likely grey/marble)
/Game/EnvSandbox/Materials/Instances/Architecture/Atlantis/MI_Arch_KB3D_ATL_BrickStoneCleanBlueA,/Game/EnvSandbox/Materials/Instances/Atlantis/MI_BrickStoneCleanBlueA.MI_BrickStoneCleanBlueA,MARBLE-DEFAULT,,Albedo,MID,,Missing albedo texture - will show master default (likely grey/marble)
/Game/EnvSandbox/Materials/Instances/Architecture/Atlantis/MI_Arch_KB3D_ATL_BrickStoneCleanBlueB,/Game/EnvSandbox/Materials/Instances/Atlantis/MI_BrickStoneCleanBlueB.MI_BrickStoneCleanBlueB,MARBLE-DEFAULT,,Albedo,MID,,Missing albedo texture - will show master default (likely grey/marble)
/Game/EnvSandbox/Materials/Instances/Architecture/Atlantis/MI_Arch_KB3D_ATL_BrickStoneCleanTrimB,/Game/EnvSandbox/Materials/Instances/Atlantis/MI_BrickStoneCleanTrimB.MI_BrickStoneCleanTrimB,DEAD-OVERRIDE,RefractionDepthBias,Albedo,MID,,Dead overrides may cause unpredictable shading: RefractionDepthBias
/Game/EnvSandbox/Materials/Instances/Architecture/Atlantis/MI_Arch_KB3D_ATL_BrickStoneDamagedA,/Game/EnvSandbox/Materials/Instances/Atlantis/MI_BrickStoneDamagedA.MI_BrickStoneDamagedA,MARBLE-DEFAULT,,Albedo,MID,,Missing albedo texture - will show master default (likely grey/marble)
/Game/EnvSandbox/Materials/Instances/Architecture/Atlantis/MI_Arch_KB3D_ATL_BrickStoneDamagedB,/Game/EnvSandbox/Materials/Instances/Atlantis/MI_BrickStoneDamagedB.MI_BrickStoneDamagedB,MARBLE-DEFAULT,,Albedo,MID,,Missing albedo texture - will show master default (likely grey/marble)
/Game/EnvSandbox/Materials/Instances/Architecture/Atlantis/MI_Arch_KB3D_ATL_BrickStoneDamagedC,/Game/EnvSandbox/Materials/Instances/Atlantis/MI_BrickStoneDamagedC.MI_BrickStoneDamagedC,MARBLE-DEFAULT,,Albedo,MID,,Missing albedo texture - will show master default (likely grey/marble)
/Game/EnvSandbox/Materials/Instances/Architecture/Atlantis/MI_Arch_KB3D_ATL_BrickStoneTrimA,/Game/EnvSandbox/Materials/Instances/Atlantis/MI_BrickStoneTrimA.MI_BrickStoneTrimA,MARBLE-DEFAULT,,Albedo,MID,,Missing albedo texture - will show master default (likely grey/marble)
/Game/EnvSandbox/Materials/Instances/Architecture/Atlantis/MI_Arch_KB3D_ATL_ClayRoofTilesOrangeA,/Game/EnvSandbox/Materials/Instances/Atlantis/MI_ClayRoofTilesOrangeA.MI_ClayRoofTilesOrangeA,MARBLE-DEFAULT,,Albedo,MID,,Missing albedo texture - will show master default (likely grey/marble)
/Game/EnvSandbox/Materials/Instances/Architecture/Atlantis/MI_Arch_KB3D_ATL_CobblestoneStoneFloorA,/Game/EnvSandbox/Materials/Instances/Atlantis/MI_CobblestoneStoneFloorA.MI_CobblestoneStoneFloorA,MARBLE-DEFAULT,,Albedo,MID,,Missing albedo texture - will show master default (likely grey/marble)
/Game/EnvSandbox/Materials/Instances/Architecture/Atlantis/MI_Arch_KB3D_ATL_CobblestoneStoneFloorB,/Game/EnvSandbox/Materials/Instances/Atlantis/MI_CobblestoneStoneFloorB.MI_CobblestoneStoneFloorB,MARBLE-DEFAULT,,Albedo,MID,,Missing albedo texture - will show master default (likely grey/marble)
/Game/EnvSandbox/Materials/Instances/Architecture/Atlantis/MI_Arch_KB3D_ATL_GoldWornA,/Game/EnvSandbox/Materials/Instances/Atlantis/MI_GoldWornA.MI_GoldWornA,MARBLE-DEFAULT,,Albedo,MID,,Missing albedo texture - will show master default (likely grey/marble)
/Game/EnvSandbox/Materials/Instances/Architecture/Atlantis/MI_Arch_KB3D_ATL_Grass,/Game/EnvSandbox/Materials/Instances/Atlantis/MI_Grass.MI_Grass,MARBLE-DEFAULT,,Albedo,MID,,Missing albedo texture - will show master default (likely grey/marble)
/Game/EnvSandbox/Materials/Instances/Architecture/Atlantis/MI_Arch_KB3D_ATL_HaleBale,/Game/EnvSandbox/Materials/Instances/Atlantis/MI_HaleBale.MI_HaleBale,MARBLE-DEFAULT,,Albedo,MID,,Missing albedo texture - will show master default (likely grey/marble)
/Game/EnvSandbox/Materials/Instances/Architecture/Atlantis/MI_Arch_KB3D_ATL_Iron,/Game/EnvSandbox/Materials/Instances/Atlantis/MI_Iron.MI_Iron,MARBLE-DEFAULT,,Albedo,MID,,Missing albedo texture - will show master default (likely grey/marble)
/Game/EnvSandbox/Materials/Instances/Architecture/Atlantis/MI_Arch_KB3D_ATL_LeatherBrownOldA,/Game/EnvSandbox/Materials/Instances/Atlantis/MI_LeatherBrownOldA.MI_LeatherBrownOldA,MARBLE-DEFAULT,,Albedo,MID,,Missing albedo texture - will show master default (likely grey/marble)
/Game/EnvSandbox/Materials/Instances/Architecture/Atlantis/MI_Arch_KB3D_ATL_MarbleWhiteA,/Game/EnvSandbox/Materials/Instances/Atlantis/MI_MarbleWhiteA.MI_MarbleWhiteA,MARBLE-DEFAULT,,Albedo,MID,,Missing albedo texture - will show master default (likely grey/marble)
/Game/EnvSandbox/Materials/Instances/Architecture/Atlantis/MI_Arch_KB3D_ATL_MetalForgedA,/Game/EnvSandbox/Materials/Instances/Atlantis/MI_MetalForgedA.MI_MetalForgedA,MARBLE-DEFAULT,,Albedo,MID,,Missing albedo texture - will show master default (likely grey/marble)
/Game/EnvSandbox/Materials/Instances/Architecture/Atlantis/MI_Arch_KB3D_ATL_MetalPBronze,/Game/EnvSandbox/Materials/Instances/Atlantis/MI_MetalPBronze.MI_MetalPBronze,MARBLE-DEFAULT,,Albedo,MID,,Missing albedo texture - will show master default (likely grey/marble)
/Game/EnvSandbox/Materials/Instances/Architecture/Atlantis/MI_Arch_KB3D_ATL_PropsBaskets,/Game/EnvSandbox/Materials/Instances/Atlantis/MI_PropsBaskets.MI_PropsBaskets,MARBLE-DEFAULT,,Albedo,MID,,Missing albedo texture - will show master default (likely grey/marble)
/Game/EnvSandbox/Materials/Instances/Architecture/Atlantis/MI_Arch_KB3D_ATL_PropsBenchB,/Game/EnvSandbox/Materials/Instances/Atlantis/MI_PropsBenchB.MI_PropsBenchB,MARBLE-DEFAULT,,Albedo,MID,,Missing albedo texture - will show master default (likely grey/marble)
/Game/EnvSandbox/Materials/Instances/Architecture/Atlantis/MI_Arch_KB3D_ATL_PropsHarp,/Game/EnvSandbox/Materials/Instances/Atlantis/MI_PropsHarp.MI_PropsHarp,MARBLE-DEFAULT,,Albedo,MID,,Missing albedo texture - will show master default (likely grey/marble)
/Game/EnvSandbox/Materials/Instances/Architecture/Atlantis/MI_Arch_KB3D_ATL_PropsPots,/Game/EnvSandbox/Materials/Instances/Atlantis/MI_PropsPots.MI_PropsPots,MARBLE-DEFAULT,,Albedo,MID,,Missing albedo texture - will show master default (likely grey/marble)
/Game/EnvSandbox/Materials/Instances/Architecture/Atlantis/MI_Arch_KB3D_ATL_PropsSpear,/Game/EnvSandbox/Materials/Instances/Atlantis/MI_PropsSpear.MI_PropsSpear,MARBLE-DEFAULT,,Albedo,MID,,Missing albedo texture - will show master default (likely grey/marble)
/Game/EnvSandbox/Materials/Instances/Architecture/Atlantis/MI_Arch_KB3D_ATL_RopesTrimA,/Game/EnvSandbox/Materials/Instances/Atlantis/MI_RopesTrimA.MI_RopesTrimA,MARBLE-DEFAULT,,Albedo,MID,,Missing albedo texture - will show master default (likely grey/marble)
/Game/EnvSandbox/Materials/Instances/Architecture/Atlantis/MI_Arch_KB3D_ATL_SandStonePaintedBeigeA,/Game/EnvSandbox/Materials/Instances/Atlantis/MI_SandStonePaintedBeigeA.MI_SandStonePaintedBeigeA,MARBLE-DEFAULT,,Albedo,MID,,Missing albedo texture - will show master default (likely grey/marble)
/Game/EnvSandbox/Materials/Instances/Architecture/Atlantis/MI_Arch_KB3D_ATL_SandStonePaintedRedA,/Game/EnvSandbox/Materials/Instances/Atlantis/MI_SandStonePaintedRedA.MI_SandStonePaintedRedA,MARBLE-DEFAULT,,Albedo,MID,,Missing albedo texture - will show master default (likely grey/marble)
/Game/EnvSandbox/Materials/Instances/Architecture/Atlantis/MI_Arch_KB3D_ATL_SoilGroundA,/Game/EnvSandbox/Materials/Instances/Atlantis/MI_SoilGroundA.MI_SoilGroundA,MARBLE-DEFAULT,,Albedo,MID,,Missing albedo texture - will show master default (likely grey/marble)
/Game/EnvSandbox/Materials/Instances/Architecture/Atlantis/MI_Arch_KB3D_ATL_StoneA,/Game/EnvSandbox/Materials/Instances/Atlantis/MI_StoneA.MI_StoneA,MARBLE-DEFAULT,,Albedo,MID,,Missing albedo texture - will show master default (likely grey/marble)
/Game/EnvSandbox/Materials/Instances/Architecture/Atlantis/MI_Arch_KB3D_ATL_StoneCleanPillarsA,/Game/EnvSandbox/Materials/Instances/Atlantis/MI_StoneCleanPillarsA.MI_StoneCleanPillarsA,MARBLE-DEFAULT,,Albedo,MID,,Missing albedo texture - will show master default (likely grey/marble)
/Game/EnvSandbox/Materials/Instances/Architecture/Atlantis/MI_Arch_KB3D_ATL_StoneCleanTrimA,/Game/EnvSandbox/Materials/Instances/Atlantis/MI_StoneCleanTrimA.MI_StoneCleanTrimA,DEAD-OVERRIDE,RefractionDepthBias,Albedo,MID,,Dead overrides may cause unpredictable shading: RefractionDepthBias
/Game/EnvSandbox/Materials/Instances/Architecture/Atlantis/MI_Arch_KB3D_ATL_StoneCleanTrimB,/Game/EnvSandbox/Materials/Instances/Atlantis/MI_StoneCleanTrimB.MI_StoneCleanTrimB,DEAD-OVERRIDE,RefractionDepthBias,Albedo,MID,,Dead overrides may cause unpredictable shading: RefractionDepthBias
/Game/EnvSandbox/Materials/Instances/Architecture/Atlantis/MI_Arch_KB3D_ATL_StoneCleanTrimD,/Game/EnvSandbox/Materials/Instances/Atlantis/MI_StoneCleanTrimD.MI_StoneCleanTrimD,MARBLE-DEFAULT,,Albedo,MID,,Missing albedo texture - will show master default (likely grey/marble)
/Game/EnvSandbox/Materials/Instances/Architecture/Atlantis/MI_Arch_KB3D_ATL_StoneFloorPolishedA,/Game/EnvSandbox/Materials/Instances/Atlantis/MI_StoneFloorPolishedA.MI_StoneFloorPolishedA,MARBLE-DEFAULT,,Albedo,MID,,Missing albedo texture - will show master default (likely grey/marble)
/Game/EnvSandbox/Materials/Instances/Architecture/Atlantis/MI_Arch_KB3D_ATL_StoneFloorPolishedB,/Game/EnvSandbox/Materials/Instances/Atlantis/MI_StoneFloorPolishedB.MI_StoneFloorPolishedB,MARBLE-DEFAULT,,Albedo,MID,,Missing albedo texture - will show master default (likely grey/marble)
/Game/EnvSandbox/Materials/Instances/Architecture/Atlantis/MI_Arch_KB3D_ATL_StoneFloorPolishedTrimA,/Game/EnvSandbox/Materials/Instances/Atlantis/MI_StoneFloorPolishedTrimA.MI_StoneFloorPolishedTrimA,MARBLE-DEFAULT,,Albedo,MID,,Missing albedo texture - will show master default (likely grey/marble)
/Game/EnvSandbox/Materials/Instances/Architecture/Atlantis/MI_Arch_KB3D_ATL_StoneTilePatternA,/Game/EnvSandbox/Materials/Instances/Atlantis/MI_StoneTilePatternA.MI_StoneTilePatternA,MARBLE-DEFAULT,,Albedo,MID,,Missing albedo texture - will show master default (likely grey/marble)
/Game/EnvSandbox/Materials/Instances/Architecture/Atlantis/MI_Arch_KB3D_ATL_TerracottaTile,/Game/EnvSandbox/Materials/Instances/Atlantis/MI_TerracottaTile.MI_TerracottaTile,MARBLE-DEFAULT,,Albedo,MID,,Missing albedo texture - will show master default (likely grey/marble)
/Game/EnvSandbox/Materials/Instances/Architecture/Atlantis/MI_Arch_KB3D_ATL_WaterClean,/Game/EnvSandbox/Materials/Instances/Atlantis/MI_WaterClean.MI_WaterClean,DEAD-OVERRIDE,Metallic; Roughness; ShadowDreamStrength; TextureWeight,,MID,,Dead overrides may cause unpredictable shading: Metallic; Roughness; ShadowDreamStrength; TextureWeight
/Game/EnvSandbox/Materials/Instances/Architecture/Atlantis/MI_Arch_KB3D_ATL_WoodBrightA,/Game/EnvSandbox/Materials/Instances/Atlantis/MI_WoodBrightA.MI_WoodBrightA,MARBLE-DEFAULT,,Albedo,MID,,Missing albedo texture - will show master default (likely grey/marble)
/Game/EnvSandbox/Materials/Instances/Architecture/Atlantis/MI_Arch_KB3D_ATL_WoodBrownTrimA,/Game/EnvSandbox/Materials/Instances/Atlantis/MI_WoodBrownTrimA.MI_WoodBrownTrimA,MARBLE-DEFAULT,,Albedo,MID,,Missing albedo texture - will show master default (likely grey/marble)
/Game/EnvSandbox/Materials/Instances/Architecture/Atlantis/MI_Arch_KB3D_ATL_WoodBrownTrimB,/Game/EnvSandbox/Materials/Instances/Atlantis/MI_WoodBrownTrimB.MI_WoodBrownTrimB,MARBLE-DEFAULT,,Albedo,MID,,Missing albedo texture - will show master default (likely grey/marble)
/Game/EnvSandbox/Materials/Instances/Architecture/Atlantis/MI_Arch_KB3D_ATL_WoodHeartwoodAtlas,/Game/EnvSandbox/Materials/Instances/Atlantis/MI_WoodHeartwoodAtlas.MI_WoodHeartwoodAtlas,MARBLE-DEFAULT,,Albedo,MID,,Missing albedo texture - will show master default (likely grey/marble)
/Game/EnvSandbox/Materials/Instances/Architecture/Atlantis/MI_Arch_KB3D_ATL_WoodOldA,/Game/EnvSandbox/Materials/Instances/Atlantis/MI_WoodOldA.MI_WoodOldA,MARBLE-DEFAULT,,Albedo,MID,,Missing albedo texture - will show master default (likely grey/marble)
/Game/EnvSandbox/Materials/Instances/Architecture/Atlantis/MI_Arch_KB3D_ATL_WoodOldVarnished,/Game/EnvSandbox/Materials/Instances/Atlantis/MI_WoodOldVarnished.MI_WoodOldVarnished,MARBLE-DEFAULT,,Albedo,MID,,Missing albedo texture - will show master default (likely grey/marble)
/Game/EnvSandbox/Materials/Instances/Architecture/Atlantis/MI_Arch_KB3D_ATL_WoodOrange,/Game/EnvSandbox/Materials/Instances/Atlantis/MI_WoodOrange.MI_WoodOrange,MARBLE-DEFAULT,,Albedo,MID,,Missing albedo texture - will show master default (likely grey/marble)
/Game/EnvSandbox/Materials/Instances/Architecture/Cathedral/MI_Arch_Material_0,/Game/EnvSandbox/Materials/Masters/M_Master_Toon_Universal.M_Master_Toon_Universal,MARBLE-DEFAULT,,Albedo,MID,,Missing albedo texture - will show master default (likely grey/marble)
/Game/EnvSandbox/Materials/Instances/Atlantis/MI_AtlasDecalOrnamets,/Game/EnvSandbox/Materials/Masters/M_Master_Toon_Universal_Alpha.M_Master_Toon_Universal_Alpha,OK,,,MID,,Live overrides present
/Game/EnvSandbox/Materials/Instances/Atlantis/MI_AtlasFlowersA,/Game/EnvSandbox/Materials/Masters/M_Master_Toon_Universal_Alpha.M_Master_Toon_Universal_Alpha,OK,,,MID,,Live overrides present
/Game/EnvSandbox/Materials/Instances/Atlantis/MI_AtlasIvy,/Game/EnvSandbox/Materials/Masters/M_Master_Toon_Universal_Alpha.M_Master_Toon_Universal_Alpha,OK,,,MID,,Live overrides present
/Game/EnvSandbox/Materials/Instances/Atlantis/MI_AtlasLeafA,/Game/EnvSandbox/Materials/Masters/M_Master_Toon_Universal_Alpha.M_Master_Toon_Universal_Alpha,OK,,,MID,,Live overrides present
/Game/EnvSandbox/Materials/Instances/Atlantis/MI_AtlasLeafB,/Game/EnvSandbox/Materials/Masters/M_Master_Toon_Universal_Alpha.M_Master_Toon_Universal_Alpha,OK,,,MID,,Live overrides present
/Game/EnvSandbox/Materials/Instances/Atlantis/MI_AtlasOrnaments,/Game/EnvSandbox/Materials/Masters/M_Master_Toon_Universal_Alpha.M_Master_Toon_Universal_Alpha,OK,,,MID,,Live overrides present
/Game/EnvSandbox/Materials/Instances/Atlantis/MI_AtlasPaintPatternsA,/Game/EnvSandbox/Materials/Masters/M_Master_Toon_Universal_Alpha.M_Master_Toon_Universal_Alpha,OK,,,MID,,Live overrides present
/Game/EnvSandbox/Materials/Instances/Atlantis/MI_AtlasTreeA,/Game/EnvSandbox/Materials/Masters/M_Master_Toon_Universal_Alpha.M_Master_Toon_Universal_Alpha,OK,,,MID,,Live overrides present
/Game/EnvSandbox/Materials/Instances/Atlantis/MI_BrickStoneCleanA,/Game/EnvSandbox/Materials/Masters/M_Master_Toon_Universal.M_Master_Toon_Universal,OK,,,MID,,Live overrides present
/Game/EnvSandbox/Materials/Instances/Atlantis/MI_BrickStoneCleanB,/Game/EnvSandbox/Materials/Masters/M_Master_Toon_Universal.M_Master_Toon_Universal,OK,,,MID,,Live overrides present
/Game/EnvSandbox/Materials/Instances/Atlantis/MI_BrickStoneCleanBeigeA,/Game/EnvSandbox/Materials/Masters/M_Master_Toon_Universal.M_Master_Toon_Universal,OK,,,MID,,Live overrides present
/Game/EnvSandbox/Materials/Instances/Atlantis/MI_BrickStoneCleanBlueA,/Game/EnvSandbox/Materials/Masters/M_Master_Toon_Universal.M_Master_Toon_Universal,OK,,,MID,,Live overrides present
/Game/EnvSandbox/Materials/Instances/Atlantis/MI_BrickStoneCleanBlueB,/Game/EnvSandbox/Materials/Masters/M_Master_Toon_Universal.M_Master_Toon_Universal,OK,,,MID,,Live overrides present
/Game/EnvSandbox/Materials/Instances/Atlantis/MI_BrickStoneCleanBlueC,/Game/EnvSandbox/Materials/Masters/M_Master_Toon_Universal.M_Master_Toon_Universal,OK,,,MID,,Live overrides present
/Game/EnvSandbox/Materials/Instances/Atlantis/MI_BrickStoneCleanRedB,/Game/EnvSandbox/Materials/Masters/M_Master_Toon_Universal.M_Master_Toon_Universal,OK,,,MID,,Live overrides present
/Game/EnvSandbox/Materials/Instances/Atlantis/MI_BrickStoneCleanTrimA,/Game/EnvSandbox/Materials/Masters/M_Master_Toon_Universal.M_Master_Toon_Universal,OK,,,MID,,Live overrides present
/Game/EnvSandbox/Materials/Instances/Atlantis/MI_BrickStoneCleanTrimB,/Game/EnvSandbox/Materials/Masters/M_Master_Toon_Universal.M_Master_Toon_Universal,DEAD-OVERRIDE,RefractionDepthBias,,MID,,Dead overrides may cause unpredictable shading: RefractionDepthBias
/Game/EnvSandbox/Materials/Instances/Atlantis/MI_BrickStoneCleanWhiteA,/Game/EnvSandbox/Materials/Masters/M_Master_Toon_Universal.M_Master_Toon_Universal,OK,,,MID,,Live overrides present
/Game/EnvSandbox/Materials/Instances/Atlantis/MI_BrickStoneDamagedA,/Game/EnvSandbox/Materials/Masters/M_Master_Toon_Universal.M_Master_Toon_Universal,OK,,,MID,,Live overrides present
/Game/EnvSandbox/Materials/Instances/Atlantis/MI_BrickStoneDamagedB,/Game/EnvSandbox/Materials/Masters/M_Master_Toon_Universal.M_Master_Toon_Universal,OK,,,MID,,Live overrides present
/Game/EnvSandbox/Materials/Instances/Atlantis/MI_BrickStoneDamagedC,/Game/EnvSandbox/Materials/Masters/M_Master_Toon_Universal.M_Master_Toon_Universal,OK,,,MID,,Live overrides present
/Game/EnvSandbox/Materials/Instances/Atlantis/MI_BrickStoneDamagedD,/Game/EnvSandbox/Materials/Masters/M_Master_Toon_Universal.M_Master_Toon_Universal,OK,,,MID,,Live overrides present
/Game/EnvSandbox/Materials/Instances/Atlantis/MI_BrickStoneTrimA,/Game/EnvSandbox/Materials/Masters/M_Master_Toon_Universal.M_Master_Toon_Universal,OK,,,MID,,Live overrides present
/Game/EnvSandbox/Materials/Instances/Atlantis/MI_Burlap,/Game/EnvSandbox/Materials/Masters/M_Master_Toon_Universal_Alpha.M_Master_Toon_Universal_Alpha,OK,,,MID,,Live overrides present
/Game/EnvSandbox/Materials/Instances/Atlantis/MI_ClayRoofTilesOrangeA,/Game/EnvSandbox/Materials/Masters/M_Master_Toon_Universal.M_Master_Toon_Universal,OK,,,MID,,Live overrides present
/Game/EnvSandbox/Materials/Instances/Atlantis/MI_CobblestoneStoneFloorA,/Game/EnvSandbox/Materials/Masters/M_Master_Toon_Universal.M_Master_Toon_Universal,OK,,,MID,,Live overrides present
/Game/EnvSandbox/Materials/Instances/Atlantis/MI_CobblestoneStoneFloorB,/Game/EnvSandbox/Materials/Masters/M_Master_Toon_Universal.M_Master_Toon_Universal,OK,,,MID,,Live overrides present
/Game/EnvSandbox/Materials/Instances/Atlantis/MI_FabricSail,/Game/EnvSandbox/Materials/Masters/M_Master_Toon_Universal.M_Master_Toon_Universal,OK,,,MID,,Live overrides present
/Game/EnvSandbox/Materials/Instances/Atlantis/MI_FabricTentBlueA,/Game/EnvSandbox/Materials/Masters/M_Master_Toon_Universal.M_Master_Toon_Universal,OK,,,MID,,Live overrides present
/Game/EnvSandbox/Materials/Instances/Atlantis/MI_GoldWornA,/Game/EnvSandbox/Materials/Masters/M_Master_Toon_Universal.M_Master_Toon_Universal,OK,,,MID,,Live overrides present
/Game/EnvSandbox/Materials/Instances/Atlantis/MI_Grass,/Game/EnvSandbox/Materials/Masters/M_Master_Toon_Universal_Alpha.M_Master_Toon_Universal_Alpha,OK,,,MID,,Live overrides present
/Game/EnvSandbox/Materials/Instances/Atlantis/MI_HaleBale,/Game/EnvSandbox/Materials/Masters/M_Master_Toon_Universal_Alpha.M_Master_Toon_Universal_Alpha,OK,,,MID,,Live overrides present
/Game/EnvSandbox/Materials/Instances/Atlantis/MI_Iron,/Game/EnvSandbox/Materials/Masters/M_Master_Toon_Universal.M_Master_Toon_Universal,OK,,,MID,,Live overrides present
/Game/EnvSandbox/Materials/Instances/Atlantis/MI_LeatherBrownOldA,/Game/EnvSandbox/Materials/Masters/M_Master_Toon_Universal.M_Master_Toon_Universal,OK,,,MID,,Live overrides present
/Game/EnvSandbox/Materials/Instances/Atlantis/MI_MarbleWhiteA,/Game/EnvSandbox/Materials/Masters/M_Master_Toon_Universal.M_Master_Toon_Universal,OK,,,MID,,Live overrides present
/Game/EnvSandbox/Materials/Instances/Atlantis/MI_MetalForgedA,/Game/EnvSandbox/Materials/Masters/M_Master_Toon_Universal.M_Master_Toon_Universal,OK,,,MID,,Live overrides present
/Game/EnvSandbox/Materials/Instances/Atlantis/MI_MetalPBronze,/Game/EnvSandbox/Materials/Masters/M_Master_Toon_Universal.M_Master_Toon_Universal,OK,,,MID,,Live overrides present
/Game/EnvSandbox/Materials/Instances/Atlantis/MI_PropsBaskets,/Game/EnvSandbox/Materials/Masters/M_Master_Toon_Universal.M_Master_Toon_Universal,OK,,,MID,,Live overrides present
/Game/EnvSandbox/Materials/Instances/Atlantis/MI_PropsBenchB,/Game/EnvSandbox/Materials/Masters/M_Master_Toon_Universal.M_Master_Toon_Universal,OK,,,MID,,Live overrides present
/Game/EnvSandbox/Materials/Instances/Atlantis/MI_PropsChariot,/Game/EnvSandbox/Materials/Masters/M_Master_Toon_Universal.M_Master_Toon_Universal,OK,,,MID,,Live overrides present
/Game/EnvSandbox/Materials/Instances/Atlantis/MI_PropsHarp,/Game/EnvSandbox/Materials/Masters/M_Master_Toon_Universal.M_Master_Toon_Universal,OK,,,MID,,Live overrides present
/Game/EnvSandbox/Materials/Instances/Atlantis/MI_PropsPots,/Game/EnvSandbox/Materials/Masters/M_Master_Toon_Universal.M_Master_Toon_Universal,OK,,,MID,,Live overrides present
/Game/EnvSandbox/Materials/Instances/Atlantis/MI_PropsShields,/Game/EnvSandbox/Materials/Masters/M_Master_Toon_Universal.M_Master_Toon_Universal,OK,,,MID,,Live overrides present
/Game/EnvSandbox/Materials/Instances/Atlantis/MI_PropsSpear,/Game/EnvSandbox/Materials/Masters/M_Master_Toon_Universal_Alpha.M_Master_Toon_Universal_Alpha,OK,,,MID,,Live overrides present
/Game/EnvSandbox/Materials/Instances/Atlantis/MI_PropsStele,/Game/EnvSandbox/Materials/Masters/M_Master_Toon_Universal.M_Master_Toon_Universal,OK,,,MID,,Live overrides present
/Game/EnvSandbox/Materials/Instances/Atlantis/MI_PropsTrident,/Game/EnvSandbox/Materials/Masters/M_Master_Toon_Universal.M_Master_Toon_Universal,OK,,,MID,,Live overrides present
/Game/EnvSandbox/Materials/Instances/Atlantis/MI_RopesTrimA,/Game/EnvSandbox/Materials/Masters/M_Master_Toon_Universal.M_Master_Toon_Universal,OK,,,MID,,Live overrides present
/Game/EnvSandbox/Materials/Instances/Atlantis/MI_SandStoneDamagedWhite,/Game/EnvSandbox/Materials/Masters/M_Master_Toon_Universal.M_Master_Toon_Universal,OK,,,MID,,Live overrides present
/Game/EnvSandbox/Materials/Instances/Atlantis/MI_SandStonePaintedBeigeA,/Game/EnvSandbox/Materials/Masters/M_Master_Toon_Universal.M_Master_Toon_Universal,OK,,,MID,,Live overrides present
/Game/EnvSandbox/Materials/Instances/Atlantis/MI_SandStonePaintedBlueA,/Game/EnvSandbox/Materials/Masters/M_Master_Toon_Universal.M_Master_Toon_Universal,OK,,,MID,,Live overrides present
/Game/EnvSandbox/Materials/Instances/Atlantis/MI_SandStonePaintedRedA,/Game/EnvSandbox/Materials/Masters/M_Master_Toon_Universal.M_Master_Toon_Universal,OK,,,MID,,Live overrides present
/Game/EnvSandbox/Materials/Instances/Atlantis/MI_SandStoneWhiteBBrickDamage,/Game/EnvSandbox/Materials/Masters/M_Master_Toon_Universal.M_Master_Toon_Universal,OK,,,MID,,Live overrides present
/Game/EnvSandbox/Materials/Instances/Atlantis/MI_SandStoneWhiteMBrickDamage,/Game/EnvSandbox/Materials/Masters/M_Master_Toon_Universal.M_Master_Toon_Universal,OK,,,MID,,Live overrides present
/Game/EnvSandbox/Materials/Instances/Atlantis/MI_ScrollPaperTrim,/Game/EnvSandbox/Materials/Masters/M_Master_Toon_Universal.M_Master_Toon_Universal,OK,,,MID,,Live overrides present
/Game/EnvSandbox/Materials/Instances/Atlantis/MI_SoilGroundA,/Game/EnvSandbox/Materials/Masters/M_Master_Toon_Universal.M_Master_Toon_Universal,OK,,,MID,,Live overrides present
/Game/EnvSandbox/Materials/Instances/Atlantis/MI_StoneA,/Game/EnvSandbox/Materials/Masters/M_Master_Toon_Universal.M_Master_Toon_Universal,OK,,,MID,,Live overrides present
/Game/EnvSandbox/Materials/Instances/Atlantis/MI_StoneCleanPillarsA,/Game/EnvSandbox/Materials/Masters/M_Master_Toon_Universal.M_Master_Toon_Universal,OK,,,MID,,Live overrides present
/Game/EnvSandbox/Materials/Instances/Atlantis/MI_StoneCleanTrimA,/Game/EnvSandbox/Materials/Masters/M_Master_Toon_Universal.M_Master_Toon_Universal,OK,,,MID,,Live overrides present
/Game/EnvSandbox/Materials/Instances/Atlantis/MI_StoneCleanTrimB,/Game/EnvSandbox/Materials/Masters/M_Master_Toon_Universal.M_Master_Toon_Universal,OK,,,MID,,Live overrides present
/Game/EnvSandbox/Materials/Instances/Atlantis/MI_StoneCleanTrimC,/Game/EnvSandbox/Materials/Masters/M_Master_Toon_Universal.M_Master_Toon_Universal,OK,,,MID,,Live overrides present
/Game/EnvSandbox/Materials/Instances/Atlantis/MI_StoneCleanTrimD,/Game/EnvSandbox/Materials/Masters/M_Master_Toon_Universal.M_Master_Toon_Universal,OK,,,MID,,Live overrides present
/Game/EnvSandbox/Materials/Instances/Atlantis/MI_StoneFloorMosaicTrimA,/Game/EnvSandbox/Materials/Masters/M_Master_Toon_Universal.M_Master_Toon_Universal,OK,,,MID,,Live overrides present
/Game/EnvSandbox/Materials/Instances/Atlantis/MI_StoneFloorPolishedA,/Game/EnvSandbox/Materials/Masters/M_Master_Toon_Universal.M_Master_Toon_Universal,OK,,,MID,,Live overrides present
/Game/EnvSandbox/Materials/Instances/Atlantis/MI_StoneFloorPolishedB,/Game/EnvSandbox/Materials/Masters/M_Master_Toon_Universal.M_Master_Toon_Universal,OK,,,MID,,Live overrides present
/Game/EnvSandbox/Materials/Instances/Atlantis/MI_StoneFloorPolishedC,/Game/EnvSandbox/Materials/Masters/M_Master_Toon_Universal.M_Master_Toon_Universal,OK,,,MID,,Live overrides present
/Game/EnvSandbox/Materials/Instances/Atlantis/MI_StoneFloorPolishedTrimA,/Game/EnvSandbox/Materials/Masters/M_Master_Toon_Universal.M_Master_Toon_Universal,OK,,,MID,,Live overrides present
/Game/EnvSandbox/Materials/Instances/Atlantis/MI_StoneGrayMossy,/Game/EnvSandbox/Materials/Masters/M_Master_Toon_Universal.M_Master_Toon_Universal,OK,,,MID,,Live overrides present
/Game/EnvSandbox/Materials/Instances/Atlantis/MI_StoneTilePatternA,/Game/EnvSandbox/Materials/Masters/M_Master_Toon_Universal.M_Master_Toon_Universal,OK,,,MID,,Live overrides present
/Game/EnvSandbox/Materials/Instances/Atlantis/MI_TerracottaTile,/Game/EnvSandbox/Materials/Masters/M_Master_Toon_Universal.M_Master_Toon_Universal,OK,,,MID,,Live overrides present
/Game/EnvSandbox/Materials/Instances/Atlantis/MI_TerracottaTileB,/Game/EnvSandbox/Materials/Masters/M_Master_Toon_Universal.M_Master_Toon_Universal,DEAD-OVERRIDE,RefractionDepthBias,,MID,,Dead overrides may cause unpredictable shading: RefractionDepthBias
/Game/EnvSandbox/Materials/Instances/Atlantis/MI_WaterClean,/Game/EnvSandbox/Materials/Masters/M_Water_Master_Grand_v10_Upgrade.M_Water_Master_Grand_v10_Upgrade,OK,,,MID,,Live overrides present
/Game/EnvSandbox/Materials/Instances/Atlantis/MI_WoodBeam,/Game/EnvSandbox/Materials/Masters/M_Master_Toon_Universal.M_Master_Toon_Universal,OK,,,MID,,Live overrides present
/Game/EnvSandbox/Materials/Instances/Atlantis/MI_WoodBrightA,/Game/EnvSandbox/Materials/Masters/M_Master_Toon_Universal.M_Master_Toon_Universal,OK,,,MID,,Live overrides present
/Game/EnvSandbox/Materials/Instances/Atlantis/MI_WoodBrownTrimA,/Game/EnvSandbox/Materials/Masters/M_Master_Toon_Universal.M_Master_Toon_Universal,OK,,,MID,,Live overrides present
/Game/EnvSandbox/Materials/Instances/Atlantis/MI_WoodBrownTrimB,/Game/EnvSandbox/Materials/Masters/M_Master_Toon_Universal.M_Master_Toon_Universal,OK,,,MID,,Live overrides present
/Game/EnvSandbox/Materials/Instances/Atlantis/MI_WoodBrownTrimC,/Game/EnvSandbox/Materials/Masters/M_Master_Toon_Universal.M_Master_Toon_Universal,OK,,,MID,,Live overrides present
/Game/EnvSandbox/Materials/Instances/Atlantis/MI_WoodHeartwoodAtlas,/Game/EnvSandbox/Materials/Masters/M_Master_Toon_Universal.M_Master_Toon_Universal,OK,,,MID,,Live overrides present
/Game/EnvSandbox/Materials/Instances/Atlantis/MI_WoodOldA,/Game/EnvSandbox/Materials/Masters/M_Master_Toon_Universal.M_Master_Toon_Universal,OK,,,MID,,Live overrides present
/Game/EnvSandbox/Materials/Instances/Atlantis/MI_WoodOldVarnished,/Game/EnvSandbox/Materials/Masters/M_Master_Toon_Universal.M_Master_Toon_Universal,OK,,,MID,,Live overrides present
/Game/EnvSandbox/Materials/Instances/Atlantis/MI_WoodOrange,/Game/EnvSandbox/Materials/Masters/M_Master_Toon_Universal.M_Master_Toon_Universal,OK,,,MID,,Live overrides present
/Game/EnvSandbox/Materials/Instances/Atlantis/MI_WoodPaintedBlueA,/Game/EnvSandbox/Materials/Masters/M_Master_Toon_Universal.M_Master_Toon_Universal,OK,,,MID,,Live overrides present
/Game/EnvSandbox/Materials/Instances/Atlantis/MI_WoodPaintedWhiteA,/Game/EnvSandbox/Materials/Masters/M_Master_Toon_Universal.M_Master_Toon_Universal,OK,,,MID,,Live overrides present
/Game/EnvSandbox/Materials/Instances/Atlantis/MI_WoodPlankA,/Game/EnvSandbox/Materials/Masters/M_Master_Toon_Universal.M_Master_Toon_Universal,OK,,,MID,,Live overrides present
/Game/EnvSandbox/Materials/Instances/BlingVol3/MI_BlingVol3_01,/Game/EnvSandbox/Materials/Masters/M_Master_Toon_Universal.M_Master_Toon_Universal,OK,,,MID,,Live overrides present
/Game/EnvSandbox/Materials/Instances/BlingVol3/MI_BlingVol3_02,/Game/EnvSandbox/Materials/Masters/M_Master_Toon_Universal.M_Master_Toon_Universal,OK,,,MID,,Live overrides present
/Game/EnvSandbox/Materials/Instances/BlingVol3/MI_BlingVol3_03,/Game/EnvSandbox/Materials/Masters/M_Master_Toon_Universal.M_Master_Toon_Universal,OK,,,MID,,Live overrides present
/Game/EnvSandbox/Materials/Instances/BlingVol3/MI_BlingVol3_04,/Game/EnvSandbox/Materials/Masters/M_Master_Toon_Universal.M_Master_Toon_Universal,OK,,,MID,,Live overrides present
/Game/EnvSandbox/Materials/Instances/BlingVol3/MI_BlingVol3_05,/Game/EnvSandbox/Materials/Masters/M_Master_Toon_Universal.M_Master_Toon_Universal,OK,,,MID,,Live overrides present
/Game/EnvSandbox/Materials/Instances/BlingVol3/MI_BlingVol3_06,/Game/EnvSandbox/Materials/Masters/M_Master_Toon_Universal.M_Master_Toon_Universal,DEAD-OVERRIDE,RefractionDepthBias,,MID,,Dead overrides may cause unpredictable shading: RefractionDepthBias
/Game/EnvSandbox/Materials/Instances/BlingVol3/MI_BlingVol3_07,/Game/EnvSandbox/Materials/Masters/M_Master_Toon_Universal.M_Master_Toon_Universal,OK,,,MID,,Live overrides present
/Game/EnvSandbox/Materials/Instances/BlingVol3/MI_BlingVol3_08,/Game/EnvSandbox/Materials/Masters/M_Master_Toon_Universal.M_Master_Toon_Universal,OK,,,MID,,Live overrides present
/Game/EnvSandbox/Materials/Instances/BlingVol3/MI_BlingVol3_09,/Game/EnvSandbox/Materials/Masters/M_Master_Toon_Universal.M_Master_Toon_Universal,OK,,,MID,,Live overrides present
/Game/EnvSandbox/Materials/Instances/BlingVol3/MI_BlingVol3_10,/Game/EnvSandbox/Materials/Masters/M_Master_Toon_Universal.M_Master_Toon_Universal,OK,,,MID,,Live overrides present
/Game/EnvSandbox/Materials/Instances/BlingVol3/MI_BlingVol3_11,/Game/EnvSandbox/Materials/Masters/M_Master_Toon_Universal.M_Master_Toon_Universal,OK,,,MID,,Live overrides present
/Game/EnvSandbox/Materials/Instances/BlingVol3/MI_BlingVol3_12,/Game/EnvSandbox/Materials/Masters/M_Master_Toon_Universal.M_Master_Toon_Universal,OK,,,MID,,Live overrides present
/Game/EnvSandbox/Materials/Instances/BlingVol3/MI_BlingVol3_13,/Game/EnvSandbox/Materials/Masters/M_Master_Toon_Universal.M_Master_Toon_Universal,OK,,,MID,,Live overrides present
/Game/EnvSandbox/Materials/Instances/BlingVol3/MI_BlingVol3_14,/Game/EnvSandbox/Materials/Masters/M_Master_Toon_Universal.M_Master_Toon_Universal,OK,,,MID,,Live overrides present
/Game/EnvSandbox/Materials/Instances/BlingVol3/MI_BlingVol3_15,/Game/EnvSandbox/Materials/Masters/M_Master_Toon_Universal.M_Master_Toon_Universal,OK,,,MID,,Live overrides present
/Game/EnvSandbox/Materials/Instances/Character/MI_Character_Melusina_Accessory,/Game/EnvSandbox/Materials/Masters/M_Master_Toon_Character.M_Master_Toon_Character,OK,,,HERO,,Live overrides present
/Game/EnvSandbox/Materials/Instances/Character/MI_Character_Melusina_Cloth,/Game/EnvSandbox/Materials/Masters/M_Master_Toon_Character.M_Master_Toon_Character,OK,,,HERO,,Live overrides present
/Game/EnvSandbox/Materials/Instances/Character/MI_Character_Melusina_Eyes,/Game/EnvSandbox/Materials/Masters/M_Master_Toon_Character.M_Master_Toon_Character,OK,,,HERO,,Live overrides present
/Game/EnvSandbox/Materials/Instances/Character/MI_Character_Melusina_Hair,/Game/EnvSandbox/Materials/Masters/M_Master_Toon_Character.M_Master_Toon_Character,OK,,,HERO,,Live overrides present
/Game/EnvSandbox/Materials/Instances/Character/MI_Character_Melusina_Skin,/Game/EnvSandbox/Materials/Masters/M_Master_Toon_Character.M_Master_Toon_Character,OK,,,HERO,,Live overrides present
/Game/EnvSandbox/Materials/Instances/Copernicus/MI_Brass_Engraved,,ORPHAN,,,BACKGROUND,,Parent load failed - likely pink/missing
/Game/EnvSandbox/Materials/Instances/Copernicus/MI_Brass_FiligreeGold,,ORPHAN,,,BACKGROUND,,Parent load failed - likely pink/missing
/Game/EnvSandbox/Materials/Instances/Copernicus/MI_Brass_HammeredPulse,,ORPHAN,,,BACKGROUND,,Parent load failed - likely pink/missing
/Game/EnvSandbox/Materials/Instances/Copernicus/MI_Brass_Iridescent,,ORPHAN,,,BACKGROUND,,Parent load failed - likely pink/missing
/Game/EnvSandbox/Materials/Instances/Copernicus/MI_Brass_PatinaAnimated,,ORPHAN,,,BACKGROUND,,Parent load failed - likely pink/missing
/Game/EnvSandbox/Materials/Instances/Copernicus/MI_Brass_VerdigrisBloom,,ORPHAN,,,BACKGROUND,,Parent load failed - likely pink/missing
/Game/EnvSandbox/Materials/Instances/Copernicus/MI_Copernicus_CavernWeave,/Game/EnvSandbox/Materials/Masters/M_Master_Toon_Universal.M_Master_Toon_Universal,DEAD-OVERRIDE,EmissiveScale; IridescenceIntensity,,MID,,Dead overrides may cause unpredictable shading: EmissiveScale; IridescenceIntensity
/Game/EnvSandbox/Materials/Instances/Copernicus/MI_Copernicus_CherryBlossomWood,/Game/EnvSandbox/Materials/Masters/M_Master_Toon_Universal.M_Master_Toon_Universal,MARBLE-DEFAULT,,Albedo,MID,,Missing albedo texture - will show master default (likely grey/marble)
/Game/EnvSandbox/Materials/Instances/Copernicus/MI_Copernicus_ChoirStone,/Game/EnvSandbox/Materials/Masters/M_Master_Toon_Universal.M_Master_Toon_Universal,DEAD-OVERRIDE,EmissiveScale; IridescenceIntensity,,MID,,Dead overrides may cause unpredictable shading: EmissiveScale; IridescenceIntensity
/Game/EnvSandbox/Materials/Instances/Copernicus/MI_Copernicus_CrystalCathedral,/Game/EnvSandbox/Materials/Masters/M_Master_Toon_Universal.M_Master_Toon_Universal,DEAD-OVERRIDE,EmissiveScale; IridescenceIntensity,,MID,,Dead overrides may cause unpredictable shading: EmissiveScale; IridescenceIntensity
/Game/EnvSandbox/Materials/Instances/Copernicus/MI_Copernicus_CymaticMarble,/Game/EnvSandbox/Materials/Masters/M_Master_Toon_Universal.M_Master_Toon_Universal,MARBLE-DEFAULT,,Albedo,MID,,Missing albedo texture - will show master default (likely grey/marble)
/Game/EnvSandbox/Materials/Instances/Copernicus/MI_Copernicus_CymaticReactive,/Game/EnvSandbox/Materials/Masters/M_Master_Toon_Universal.M_Master_Toon_Universal,DEAD-OVERRIDE,EmissiveScale; IridescenceIntensity,Albedo,MID,,Dead overrides may cause unpredictable shading: EmissiveScale; IridescenceIntensity
/Game/EnvSandbox/Materials/Instances/Copernicus/MI_Copernicus_DancingCrystals,/Game/EnvSandbox/Materials/Masters/M_Master_Toon_Universal.M_Master_Toon_Universal,MARBLE-DEFAULT,,Albedo,MID,,Missing albedo texture - will show master default (likely grey/marble)
/Game/EnvSandbox/Materials/Instances/Copernicus/MI_Copernicus_EnchantedTome,/Game/EnvSandbox/Materials/Masters/M_Master_Toon_Universal.M_Master_Toon_Universal,MARBLE-DEFAULT,,Albedo,MID,,Missing albedo texture - will show master default (likely grey/marble)
/Game/EnvSandbox/Materials/Instances/Copernicus/MI_Copernicus_FarawayAlabasterDrape,,ORPHAN,,,BACKGROUND,,Parent load failed - likely pink/missing
/Game/EnvSandbox/Materials/Instances/Copernicus/MI_Copernicus_FarawayAquaLace,,ORPHAN,,,BACKGROUND,,Parent load failed - likely pink/missing
/Game/EnvSandbox/Materials/Instances/Copernicus/MI_Copernicus_FarawayCelestialSilk,,ORPHAN,,,BACKGROUND,,Parent load failed - likely pink/missing
/Game/EnvSandbox/Materials/Instances/Copernicus/MI_Copernicus_FarawayGildedRidge,,ORPHAN,,,BACKGROUND,,Parent load failed - likely pink/missing
/Game/EnvSandbox/Materials/Instances/Copernicus/MI_Copernicus_FarawayLullabyFleece,,ORPHAN,,,BACKGROUND,,Parent load failed - likely pink/missing
/Game/EnvSandbox/Materials/Instances/Copernicus/MI_Copernicus_FarawayMoonChiffon,,ORPHAN,,,BACKGROUND,,Parent load failed - likely pink/missing
/Game/EnvSandbox/Materials/Instances/Copernicus/MI_Copernicus_FarawayNacreVeil,,ORPHAN,,,BACKGROUND,,Parent load failed - likely pink/missing
/Game/EnvSandbox/Materials/Instances/Copernicus/MI_Copernicus_FarawayNightVelvet,,ORPHAN,,,BACKGROUND,,Parent load failed - likely pink/missing
/Game/EnvSandbox/Materials/Instances/Copernicus/MI_Copernicus_FinalDreamweaver,/Game/EnvSandbox/Materials/Masters/M_Master_Toon_Universal.M_Master_Toon_Universal,MARBLE-DEFAULT,,Albedo,HERO,,Missing albedo texture - will show master default (likely grey/marble)
/Game/EnvSandbox/Materials/Instances/Copernicus/MI_Copernicus_FractalCathedral,/Game/EnvSandbox/Materials/Masters/M_Master_Toon_Universal.M_Master_Toon_Universal,DEAD-OVERRIDE,EmissiveScale; IridescenceIntensity,,MID,,Dead overrides may cause unpredictable shading: EmissiveScale; IridescenceIntensity
/Game/EnvSandbox/Materials/Instances/Copernicus/MI_Copernicus_FrostBloom,/Game/EnvSandbox/Materials/Masters/M_Master_Toon_Universal.M_Master_Toon_Universal,DEAD-OVERRIDE,RefractionDepthBias,,MID,,Dead overrides may cause unpredictable shading: RefractionDepthBias
/Game/EnvSandbox/Materials/Instances/Copernicus/MI_Copernicus_FrozenFracture,/Game/EnvSandbox/Materials/Masters/M_Master_Toon_Universal.M_Master_Toon_Universal,DEAD-OVERRIDE,EmissiveScale; IridescenceIntensity,,MID,,Dead overrides may cause unpredictable shading: EmissiveScale; IridescenceIntensity
/Game/EnvSandbox/Materials/Instances/Copernicus/MI_Copernicus_GildedCoral,/Game/EnvSandbox/Materials/Masters/M_Master_Toon_Universal.M_Master_Toon_Universal,DEAD-OVERRIDE,EmissiveScale; IridescenceIntensity,,MID,,Dead overrides may cause unpredictable shading: EmissiveScale; IridescenceIntensity
/Game/EnvSandbox/Materials/Instances/Copernicus/MI_Copernicus_GildedLoom,/Game/EnvSandbox/Materials/Masters/M_Master_Toon_Universal.M_Master_Toon_Universal,MARBLE-DEFAULT,,Albedo,MID,,Missing albedo texture - will show master default (likely grey/marble)
/Game/EnvSandbox/Materials/Instances/Copernicus/MI_Copernicus_GlitterCrystal,/Game/EnvSandbox/Materials/Masters/M_Master_Toon_Universal.M_Master_Toon_Universal,MARBLE-DEFAULT,,Albedo,MID,,Missing albedo texture - will show master default (likely grey/marble)
/Game/EnvSandbox/Materials/Instances/Copernicus/MI_Copernicus_GlitterGold,/Game/EnvSandbox/Materials/Masters/M_Master_Toon_Universal.M_Master_Toon_Universal,MARBLE-DEFAULT,,Albedo,MID,,Missing albedo texture - will show master default (likely grey/marble)
/Game/EnvSandbox/Materials/Instances/Copernicus/MI_Copernicus_GlitterHolographic,/Game/EnvSandbox/Materials/Masters/M_Master_Toon_Universal.M_Master_Toon_Universal,MARBLE-DEFAULT,,Albedo,MID,,Missing albedo texture - will show master default (likely grey/marble)
/Game/EnvSandbox/Materials/Instances/Copernicus/MI_Copernicus_GlitterIridescent,/Game/EnvSandbox/Materials/Masters/M_Master_Toon_Universal.M_Master_Toon_Universal,MARBLE-DEFAULT,,Albedo,MID,,Missing albedo texture - will show master default (likely grey/marble)
/Game/EnvSandbox/Materials/Instances/Copernicus/MI_Copernicus_GlitterRainbow,/Game/EnvSandbox/Materials/Masters/M_Master_Toon_Universal.M_Master_Toon_Universal,MARBLE-DEFAULT,,Albedo,MID,,Missing albedo texture - will show master default (likely grey/marble)
/Game/EnvSandbox/Materials/Instances/Copernicus/MI_Copernicus_GoldenSpiralGrove,/Game/EnvSandbox/Materials/Masters/M_Master_Toon_Universal.M_Master_Toon_Universal,MARBLE-DEFAULT,,Albedo,MID,,Missing albedo texture - will show master default (likely grey/marble)
/Game/EnvSandbox/Materials/Instances/Copernicus/MI_Copernicus_MoltenCore,/Game/EnvSandbox/Materials/Masters/M_Master_Toon_Universal.M_Master_Toon_Universal,DEAD-OVERRIDE,EmissiveScale; IridescenceIntensity,,MID,,Dead overrides may cause unpredictable shading: EmissiveScale; IridescenceIntensity
/Game/EnvSandbox/Materials/Instances/Copernicus/MI_Copernicus_PearlWeave,/Game/EnvSandbox/Materials/Masters/M_Master_Toon_Universal.M_Master_Toon_Universal,DEAD-OVERRIDE,EmissiveScale; IridescenceIntensity,,MID,,Dead overrides may cause unpredictable shading: EmissiveScale; IridescenceIntensity
/Game/EnvSandbox/Materials/Instances/Copernicus/MI_Copernicus_SeaAbove_IslandParallaxStone,,ORPHAN,,,BACKGROUND,,Parent load failed - likely pink/missing
/Game/EnvSandbox/Materials/Instances/Copernicus/MI_Copernicus_SeaAbove_KelpCymaticSheen,,ORPHAN,,,BACKGROUND,,Parent load failed - likely pink/missing
/Game/EnvSandbox/Materials/Instances/Copernicus/MI_Copernicus_SeaAbove_MusicalWaterGeometry,,ORPHAN,,,BACKGROUND,,Parent load failed - likely pink/missing
/Game/EnvSandbox/Materials/Instances/Copernicus/MI_Copernicus_SeaAbove_ReefChladniCoral,,ORPHAN,,,BACKGROUND,,Parent load failed - likely pink/missing
/Game/EnvSandbox/Materials/Instances/Copernicus/MI_Copernicus_SeaAbove_TidepoolNacre,,ORPHAN,,,BACKGROUND,,Parent load failed - likely pink/missing
/Game/EnvSandbox/Materials/Instances/Copernicus/MI_Copernicus_SilkWaterfall,/Game/EnvSandbox/Materials/Masters/M_Master_Toon_Universal.M_Master_Toon_Universal,MARBLE-DEFAULT,,Albedo,MID,,Missing albedo texture - will show master default (likely grey/marble)
/Game/EnvSandbox/Materials/Instances/Copernicus/MI_Copernicus_SingingConstellations,/Game/EnvSandbox/Materials/Masters/M_Master_Toon_Universal.M_Master_Toon_Universal,MARBLE-DEFAULT,,Albedo,HERO,,Missing albedo texture - will show master default (likely grey/marble)
/Game/EnvSandbox/Materials/Instances/Copernicus/MI_Copernicus_SingingSilk,/Game/EnvSandbox/Materials/Masters/M_Master_Toon_Universal.M_Master_Toon_Universal,DEAD-OVERRIDE,EmissiveScale; IridescenceIntensity,,MID,,Dead overrides may cause unpredictable shading: EmissiveScale; IridescenceIntensity
/Game/EnvSandbox/Materials/Instances/Copernicus/MI_Copernicus_SpiralMonument,/Game/EnvSandbox/Materials/Masters/M_Master_Toon_Universal.M_Master_Toon_Universal,MARBLE-DEFAULT,,Albedo,MID,,Missing albedo texture - will show master default (likely grey/marble)
/Game/EnvSandbox/Materials/Instances/Copernicus/MI_Copernicus_StarlitAbyss,/Game/EnvSandbox/Materials/Masters/M_Master_Toon_Universal.M_Master_Toon_Universal,MARBLE-DEFAULT,,Albedo,MID,,Missing albedo texture - will show master default (likely grey/marble)
/Game/EnvSandbox/Materials/Instances/Copernicus/MI_Copernicus_StarlitLoom,/Game/EnvSandbox/Materials/Masters/M_Master_Toon_Universal.M_Master_Toon_Universal,DEAD-OVERRIDE,EmissiveScale; IridescenceIntensity,,MID,,Dead overrides may cause unpredictable shading: EmissiveScale; IridescenceIntensity
/Game/EnvSandbox/Materials/Instances/Copernicus/MI_Copernicus_TessellationSanctum,/Game/EnvSandbox/Materials/Masters/M_Master_Toon_Universal.M_Master_Toon_Universal,MARBLE-DEFAULT,,Albedo,MID,,Missing albedo texture - will show master default (likely grey/marble)
/Game/EnvSandbox/Materials/Instances/Copernicus/MI_Copernicus_TwinklingGears,/Game/EnvSandbox/Materials/Masters/M_Master_Toon_Universal.M_Master_Toon_Universal,MARBLE-DEFAULT,,Albedo,MID,,Missing albedo texture - will show master default (likely grey/marble)
/Game/EnvSandbox/Materials/Instances/Copernicus/MI_Copernicus_VoronoiSacredGeometry,/Game/EnvSandbox/Materials/Masters/M_Master_Toon_Universal.M_Master_Toon_Universal,DEAD-OVERRIDE,EmissiveScale; IridescenceIntensity,,MID,,Dead overrides may cause unpredictable shading: EmissiveScale; IridescenceIntensity
/Game/EnvSandbox/Materials/Instances/Copernicus/MI_HeroGem_Cymatic,/Game/EnvSandbox/Materials/Masters/M_Master_Toon_Universal.M_Master_Toon_Universal,OK,,,HERO,,Live overrides present
/Game/EnvSandbox/Materials/Instances/Copernicus/MI_KleinVeil_CymaticReactive,/Game/EnvSandbox/Materials/Masters/M_Master_Toon_Universal.M_Master_Toon_Universal,MARBLE-DEFAULT,,Albedo,MID,,Missing albedo texture - will show master default (likely grey/marble)
/Game/EnvSandbox/Materials/Instances/Environment/Baroque/MI_Baroque_CathedralSurreal,/Game/EnvSandbox/Materials/Masters/M_Master_Toon_Universal.M_Master_Toon_Universal,DEAD-OVERRIDE,ParallaxSteps; RefractionDepthBias,,HERO,,Dead overrides may cause unpredictable shading: ParallaxSteps; RefractionDepthBias
/Game/EnvSandbox/Materials/Instances/Environment/Baroque/MI_Baroque_EscherOrnament,/Game/EnvSandbox/Materials/Masters/M_Master_Toon_Universal.M_Master_Toon_Universal,DEAD-OVERRIDE,InkIntensity; OrnamentStyle,,HERO,,Dead overrides may cause unpredictable shading: InkIntensity; OrnamentStyle
/Game/EnvSandbox/Materials/Instances/Environment/Baroque/MI_Baroque_FiligreeDream,/Game/EnvSandbox/Materials/Masters/M_Master_Toon_Universal.M_Master_Toon_Universal,DEAD-OVERRIDE,GrassAmount; GrassTint; HeightBlendStrength; MacroStrength; MudAmount; MudTint; RockTint; SlopeSharpness; TriplanarTiling,Albedo,HERO,,Dead overrides may cause unpredictable shading: GrassAmount; GrassTint; HeightBlendStrength; MacroStrength; 
/Game/EnvSandbox/Materials/Instances/Environment/Baroque/MI_Baroque_GildedFiligree,/Game/EnvSandbox/Materials/Masters/M_Master_Toon_Universal.M_Master_Toon_Universal,DEAD-OVERRIDE,AtmosphericFadeStrength; OrnamentScale; SparkleNoiseScale,Albedo,HERO,,Dead overrides may cause unpredictable shading: AtmosphericFadeStrength; OrnamentScale; SparkleNoiseScale
/Game/EnvSandbox/Materials/Instances/Environment/Cathedral/MI_Cathedral_Rock,/Game/EnvSandbox/Materials/Masters/M_Master_Toon_Universal.M_Master_Toon_Universal,OK,,,MID,,Live overrides present
/Game/EnvSandbox/Materials/Instances/Environment/Cathedral/MI_Cathedral_Stone,/Game/EnvSandbox/Materials/Masters/M_Master_Toon_Universal.M_Master_Toon_Universal,OK,,,MID,,Live overrides present
/Game/EnvSandbox/Materials/Instances/Environment/Cinematic/MI_Universal_ContactRimHero,/Game/EnvSandbox/Materials/Masters/M_Master_Toon_Universal.M_Master_Toon_Universal,OK,,,HERO,,Live overrides present
/Game/EnvSandbox/Materials/Instances/Environment/Cinematic/MI_Universal_HenshinDither,/Game/EnvSandbox/Materials/Masters/M_Master_Toon_Universal.M_Master_Toon_Universal,OK,,,MID,,Live overrides present
/Game/EnvSandbox/Materials/Instances/Environment/Escher/MI_Escher_ImpossibleTile,/Game/EnvSandbox/Materials/Masters/M_Master_Toon_Universal.M_Master_Toon_Universal,DEAD-OVERRIDE,AtmosphericFadeStrength; ParallaxMode; ParallaxSteps; RefractionDepthBias; SparkleNoiseScale; TriplanarBlend; TriplanarBlendSharpness; TriplanarTileSize; TriplanarTiling,Albedo,MID,,Dead overrides may cause unpredictable shading: AtmosphericFadeStrength; ParallaxMode; ParallaxSteps; Refrac
/Game/EnvSandbox/Materials/Instances/Environment/Escher/MI_Escher_Woodcut,/Game/EnvSandbox/Materials/Masters/M_Master_Toon_Universal.M_Master_Toon_Universal,MARBLE-DEFAULT,,Albedo,MID,,Missing albedo texture - will show master default (likely grey/marble)
/Game/EnvSandbox/Materials/Instances/Environment/FlatColors/MI_Flat__defaultMat,/Game/EnvSandbox/Materials/Masters/M_Master_Toon_Universal.M_Master_Toon_Universal,MARBLE-DEFAULT,,Albedo,MID,,Missing albedo texture - will show master default (likely grey/marble)
/Game/EnvSandbox/Materials/Instances/Environment/FlatColors/MI_Flat_carpet,/Game/EnvSandbox/Materials/Masters/M_Master_Toon_Universal.M_Master_Toon_Universal,MARBLE-DEFAULT,,Albedo,MID,,Missing albedo texture - will show master default (likely grey/marble)
/Game/EnvSandbox/Materials/Instances/Environment/FlatColors/MI_Flat_carpetBlue,/Game/EnvSandbox/Materials/Masters/M_Master_Toon_Universal.M_Master_Toon_Universal,MARBLE-DEFAULT,,Albedo,MID,,Missing albedo texture - will show master default (likely grey/marble)
/Game/EnvSandbox/Materials/Instances/Environment/FlatColors/MI_Flat_carpetDarker,/Game/EnvSandbox/Materials/Masters/M_Master_Toon_Universal.M_Master_Toon_Universal,MARBLE-DEFAULT,,Albedo,MID,,Missing albedo texture - will show master default (likely grey/marble)
/Game/EnvSandbox/Materials/Instances/Environment/FlatColors/MI_Flat_carpetWhite,/Game/EnvSandbox/Materials/Masters/M_Master_Toon_Universal.M_Master_Toon_Universal,MARBLE-DEFAULT,,Albedo,MID,,Missing albedo texture - will show master default (likely grey/marble)
/Game/EnvSandbox/Materials/Instances/Environment/FlatColors/MI_Flat_colorPurple,/Game/EnvSandbox/Materials/Masters/M_Master_Toon_Universal.M_Master_Toon_Universal,MARBLE-DEFAULT,,Albedo,MID,,Missing albedo texture - will show master default (likely grey/marble)
/Game/EnvSandbox/Materials/Instances/Environment/FlatColors/MI_Flat_colorRed,/Game/EnvSandbox/Materials/Masters/M_Master_Toon_Universal.M_Master_Toon_Universal,MARBLE-DEFAULT,,Albedo,MID,,Missing albedo texture - will show master default (likely grey/marble)
/Game/EnvSandbox/Materials/Instances/Environment/FlatColors/MI_Flat_colorRedDark,/Game/EnvSandbox/Materials/Masters/M_Master_Toon_Universal.M_Master_Toon_Universal,MARBLE-DEFAULT,,Albedo,MID,,Missing albedo texture - will show master default (likely grey/marble)
/Game/EnvSandbox/Materials/Instances/Environment/FlatColors/MI_Flat_colorTan,/Game/EnvSandbox/Materials/Masters/M_Master_Toon_Universal.M_Master_Toon_Universal,MARBLE-DEFAULT,,Albedo,MID,,Missing albedo texture - will show master default (likely grey/marble)
/Game/EnvSandbox/Materials/Instances/Environment/FlatColors/MI_Flat_colorWhite,/Game/EnvSandbox/Materials/Masters/M_Master_Toon_Universal.M_Master_Toon_Universal,MARBLE-DEFAULT,,Albedo,MID,,Missing albedo texture - will show master default (likely grey/marble)
/Game/EnvSandbox/Materials/Instances/Environment/FlatColors/MI_Flat_colorYellow,/Game/EnvSandbox/Materials/Masters/M_Master_Toon_Universal.M_Master_Toon_Universal,MARBLE-DEFAULT,,Albedo,MID,,Missing albedo texture - will show master default (likely grey/marble)
/Game/EnvSandbox/Materials/Instances/Environment/FlatColors/MI_Flat_corn,/Game/EnvSandbox/Materials/Masters/M_Master_Toon_Universal.M_Master_Toon_Universal,MARBLE-DEFAULT,,Albedo,MID,,Missing albedo texture - will show master default (likely grey/marble)
/Game/EnvSandbox/Materials/Instances/Environment/FlatColors/MI_Flat_dirt,/Game/EnvSandbox/Materials/Masters/M_Master_Toon_Universal.M_Master_Toon_Universal,MARBLE-DEFAULT,,Albedo,MID,,Missing albedo texture - will show master default (likely grey/marble)
/Game/EnvSandbox/Materials/Instances/Environment/FlatColors/MI_Flat_dirtDark,/Game/EnvSandbox/Materials/Masters/M_Master_Toon_Universal.M_Master_Toon_Universal,MARBLE-DEFAULT,,Albedo,MID,,Missing albedo texture - will show master default (likely grey/marble)
/Game/EnvSandbox/Materials/Instances/Environment/FlatColors/MI_Flat_fur,/Game/EnvSandbox/Materials/Masters/M_Master_Toon_Universal.M_Master_Toon_Universal,MARBLE-DEFAULT,,Albedo,MID,,Missing albedo texture - will show master default (likely grey/marble)
/Game/EnvSandbox/Materials/Instances/Environment/FlatColors/MI_Flat_glass,/Game/EnvSandbox/Materials/Masters/M_Master_Toon_Universal.M_Master_Toon_Universal,MARBLE-DEFAULT,,Albedo,MID,,Missing albedo texture - will show master default (likely grey/marble)
/Game/EnvSandbox/Materials/Instances/Environment/FlatColors/MI_Flat_grass,/Game/EnvSandbox/Materials/Masters/M_Master_Toon_Universal.M_Master_Toon_Universal,MARBLE-DEFAULT,,Albedo,MID,,Missing albedo texture - will show master default (likely grey/marble)
/Game/EnvSandbox/Materials/Instances/Environment/FlatColors/MI_Flat_lamp,/Game/EnvSandbox/Materials/Masters/M_Master_Toon_Universal.M_Master_Toon_Universal,MARBLE-DEFAULT,,Albedo,MID,,Missing albedo texture - will show master default (likely grey/marble)
/Game/EnvSandbox/Materials/Instances/Environment/FlatColors/MI_Flat_leafsDark,/Game/EnvSandbox/Materials/Masters/M_Master_Toon_Universal.M_Master_Toon_Universal,MARBLE-DEFAULT,,Albedo,MID,,Missing albedo texture - will show master default (likely grey/marble)
/Game/EnvSandbox/Materials/Instances/Environment/FlatColors/MI_Flat_leafsFall,/Game/EnvSandbox/Materials/Masters/M_Master_Toon_Universal.M_Master_Toon_Universal,MARBLE-DEFAULT,,Albedo,MID,,Missing albedo texture - will show master default (likely grey/marble)
/Game/EnvSandbox/Materials/Instances/Environment/FlatColors/MI_Flat_leafsGreen,/Game/EnvSandbox/Materials/Masters/M_Master_Toon_Universal.M_Master_Toon_Universal,MARBLE-DEFAULT,,Albedo,MID,,Missing albedo texture - will show master default (likely grey/marble)
/Game/EnvSandbox/Materials/Instances/Environment/FlatColors/MI_Flat_metal,/Game/EnvSandbox/Materials/Masters/M_Master_Toon_Universal.M_Master_Toon_Universal,MARBLE-DEFAULT,,Albedo,MID,,Missing albedo texture - will show master default (likely grey/marble)
/Game/EnvSandbox/Materials/Instances/Environment/FlatColors/MI_Flat_metalDark,/Game/EnvSandbox/Materials/Masters/M_Master_Toon_Universal.M_Master_Toon_Universal,MARBLE-DEFAULT,,Albedo,MID,,Missing albedo texture - will show master default (likely grey/marble)
/Game/EnvSandbox/Materials/Instances/Environment/FlatColors/MI_Flat_metalLight,/Game/EnvSandbox/Materials/Masters/M_Master_Toon_Universal.M_Master_Toon_Universal,MARBLE-DEFAULT,,Albedo,MID,,Missing albedo texture - will show master default (likely grey/marble)
/Game/EnvSandbox/Materials/Instances/Environment/FlatColors/MI_Flat_metalMedium,/Game/EnvSandbox/Materials/Masters/M_Master_Toon_Universal.M_Master_Toon_Universal,MARBLE-DEFAULT,,Albedo,MID,,Missing albedo texture - will show master default (likely grey/marble)
/Game/EnvSandbox/Materials/Instances/Environment/FlatColors/MI_Flat_plant,/Game/EnvSandbox/Materials/Masters/M_Master_Toon_Universal.M_Master_Toon_Universal,MARBLE-DEFAULT,,Albedo,MID,,Missing albedo texture - will show master default (likely grey/marble)
/Game/EnvSandbox/Materials/Instances/Environment/FlatColors/MI_Flat_stone,/Game/EnvSandbox/Materials/Masters/M_Master_Toon_Universal.M_Master_Toon_Universal,MARBLE-DEFAULT,,Albedo,MID,,Missing albedo texture - will show master default (likely grey/marble)
/Game/EnvSandbox/Materials/Instances/Environment/FlatColors/MI_Flat_stoneDark,/Game/EnvSandbox/Materials/Masters/M_Master_Toon_Universal.M_Master_Toon_Universal,MARBLE-DEFAULT,,Albedo,MID,,Missing albedo texture - will show master default (likely grey/marble)
/Game/EnvSandbox/Materials/Instances/Environment/FlatColors/MI_Flat_water,/Game/EnvSandbox/Materials/Masters/M_Master_Toon_Universal.M_Master_Toon_Universal,MARBLE-DEFAULT,,Albedo,MID,,Missing albedo texture - will show master default (likely grey/marble)
/Game/EnvSandbox/Materials/Instances/Environment/FlatColors/MI_Flat_wood,/Game/EnvSandbox/Materials/Masters/M_Master_Toon_Universal.M_Master_Toon_Universal,MARBLE-DEFAULT,,Albedo,MID,,Missing albedo texture - will show master default (likely grey/marble)
/Game/EnvSandbox/Materials/Instances/Environment/FlatColors/MI_Flat_woodBark,/Game/EnvSandbox/Materials/Masters/M_Master_Toon_Universal.M_Master_Toon_Universal,MARBLE-DEFAULT,,Albedo,MID,,Missing albedo texture - will show master default (likely grey/marble)
/Game/EnvSandbox/Materials/Instances/Environment/FlatColors/MI_Flat_woodBarkDark,/Game/EnvSandbox/Materials/Masters/M_Master_Toon_Universal.M_Master_Toon_Universal,MARBLE-DEFAULT,,Albedo,MID,,Missing albedo texture - will show master default (likely grey/marble)
/Game/EnvSandbox/Materials/Instances/Environment/FlatColors/MI_Flat_woodBirch,/Game/EnvSandbox/Materials/Masters/M_Master_Toon_Universal.M_Master_Toon_Universal,MARBLE-DEFAULT,,Albedo,MID,,Missing albedo texture - will show master default (likely grey/marble)
/Game/EnvSandbox/Materials/Instances/Environment/FlatColors/MI_Flat_woodDark,/Game/EnvSandbox/Materials/Masters/M_Master_Toon_Universal.M_Master_Toon_Universal,MARBLE-DEFAULT,,Albedo,MID,,Missing albedo texture - will show master default (likely grey/marble)
/Game/EnvSandbox/Materials/Instances/Environment/FlatColors/MI_Flat_woodDark_1,/Game/EnvSandbox/Materials/Masters/M_Master_Toon_Universal.M_Master_Toon_Universal,MARBLE-DEFAULT,,Albedo,MID,,Missing albedo texture - will show master default (likely grey/marble)
/Game/EnvSandbox/Materials/Instances/Environment/FlatColors/MI_Flat_woodInner,/Game/EnvSandbox/Materials/Masters/M_Master_Toon_Universal.M_Master_Toon_Universal,MARBLE-DEFAULT,,Albedo,MID,,Missing albedo texture - will show master default (likely grey/marble)
/Game/EnvSandbox/Materials/Instances/Environment/FlatColors/MI_Flat_wood_1,/Game/EnvSandbox/Materials/Masters/M_Master_Toon_Universal.M_Master_Toon_Universal,MARBLE-DEFAULT,,Albedo,MID,,Missing albedo texture - will show master default (likely grey/marble)
/Game/EnvSandbox/Materials/Instances/Environment/House/MI_House_Railing,/Game/EnvSandbox/Materials/Masters/M_Master_Toon_Universal.M_Master_Toon_Universal,DEAD-OVERRIDE,EmissionMap,,MID,,Dead overrides may cause unpredictable shading: EmissionMap
/Game/EnvSandbox/Materials/Instances/Environment/House/MI_House_Walltrim_Quartz,/Game/EnvSandbox/Materials/Masters/M_Master_Toon_Universal.M_Master_Toon_Universal,OK,,,MID,,Live overrides present
/Game/EnvSandbox/Materials/Instances/Environment/ImportedPacks/MI_Env_CastleKit,/Game/EnvSandbox/Materials/Masters/M_Master_Toon_Universal.M_Master_Toon_Universal,DEAD-OVERRIDE,RefractionDepthBias,,MID,,Dead overrides may cause unpredictable shading: RefractionDepthBias
/Game/EnvSandbox/Materials/Instances/Environment/MI_Celestial_Space,/Game/EnvSandbox/Materials/Masters/M_Master_Toon_Universal.M_Master_Toon_Universal,MARBLE-DEFAULT,,Albedo,HERO,,Missing albedo texture - will show master default (likely grey/marble)
/Game/EnvSandbox/Materials/Instances/Environment/MI_Env_Gold_Trim,/Game/EnvSandbox/Materials/Masters/M_Master_Toon_Universal.M_Master_Toon_Universal,OK,,,MID,,Live overrides present
/Game/EnvSandbox/Materials/Instances/Environment/MI_Env_Stone_Cathedral,/Game/EnvSandbox/Materials/Masters/M_Master_Toon_Universal.M_Master_Toon_Universal,DEAD-OVERRIDE,ParallaxSteps,,MID,,Dead overrides may cause unpredictable shading: ParallaxSteps
/Game/EnvSandbox/Materials/Instances/Environment/MI_Env_Wood_Trim,/Game/EnvSandbox/Materials/Masters/M_Master_Toon_Universal.M_Master_Toon_Universal,DEAD-OVERRIDE,RefractionDepthBias,,MID,,Dead overrides may cause unpredictable shading: RefractionDepthBias
/Game/EnvSandbox/Materials/Instances/Environment/MI_ExperimentalGrassCard,/Game/EnvSandbox/Materials/Masters/M_ToonFoliage.M_ToonFoliage,MARBLE-DEFAULT,,Albedo,MID,,Missing albedo texture - will show master default (likely grey/marble)
/Game/EnvSandbox/Materials/Instances/Environment/MI_ExperimentalLeafCard,/Game/EnvSandbox/Materials/Masters/M_ToonFoliage.M_ToonFoliage,OK,,,MID,,Live overrides present
/Game/EnvSandbox/Materials/Instances/Environment/MI_Master_Toon_Unified_Default,/Game/EnvSandbox/Materials/Masters/M_Master_Toon_Unified.M_Master_Toon_Unified,OK,,,MID,,Live overrides present
/Game/EnvSandbox/Materials/Instances/Environment/MI_Ornament_GoldTrim,/Game/EnvSandbox/Materials/Masters/M_Master_Toon_Universal.M_Master_Toon_Universal,MARBLE-DEFAULT,,Albedo,MID,,Missing albedo texture - will show master default (likely grey/marble)
/Game/EnvSandbox/Materials/Instances/Environment/MI_ProcFoliage_Autumn,/Game/EnvSandbox/Materials/Masters/M_ToonFoliage.M_ToonFoliage,OK,,,MID,,Live overrides present
/Game/EnvSandbox/Materials/Instances/Environment/MI_ProcFoliage_Baroque,/Game/EnvSandbox/Materials/Masters/M_ToonFoliage.M_ToonFoliage,OK,,,HERO,,Live overrides present
/Game/EnvSandbox/Materials/Instances/Environment/MI_ProcFoliage_NikkiDream,/Game/EnvSandbox/Materials/Masters/M_ToonFoliage.M_ToonFoliage,OK,,,HERO,,Live overrides present
/Game/EnvSandbox/Materials/Instances/Environment/MI_ProcFoliage_Sakura,/Game/EnvSandbox/Materials/Masters/M_ToonFoliage.M_ToonFoliage,OK,,,MID,,Live overrides present
/Game/EnvSandbox/Materials/Instances/Environment/MI_UniversalWalltrim,/Game/EnvSandbox/Materials/Masters/M_Master_Toon_Universal.M_Master_Toon_Universal,DEAD-OVERRIDE,RefractionDepthBias,,MID,,Dead overrides may cause unpredictable shading: RefractionDepthBias
/Game/EnvSandbox/Materials/Instances/Environment/MI_Universal_CrackedClay,/Game/EnvSandbox/Materials/Masters/M_Master_Toon_Universal.M_Master_Toon_Universal,OK,,,MID,,Live overrides present
/Game/EnvSandbox/Materials/Instances/Environment/MI_Universal_CrystalClear,/Game/EnvSandbox/Materials/Masters/M_Master_Toon_Universal.M_Master_Toon_Universal,OK,,,MID,,Live overrides present
/Game/EnvSandbox/Materials/Instances/Environment/MI_Universal_Default,/Game/EnvSandbox/Materials/Masters/M_Master_Toon_Universal.M_Master_Toon_Universal,OK,,,MID,,Live overrides present
/Game/EnvSandbox/Materials/Instances/Environment/MI_Universal_DesertSand,/Game/EnvSandbox/Materials/Masters/M_Master_Toon_Universal.M_Master_Toon_Universal,OK,,,MID,,Live overrides present
/Game/EnvSandbox/Materials/Instances/Environment/MI_Universal_HoloFabric,/Game/EnvSandbox/Materials/Masters/M_Master_Toon_Universal.M_Master_Toon_Universal,OK,,,MID,,Live overrides present
/Game/EnvSandbox/Materials/Instances/Environment/MI_Universal_IridescentShell,/Game/EnvSandbox/Materials/Masters/M_Master_Toon_Universal.M_Master_Toon_Universal,OK,,,MID,,Live overrides present
/Game/EnvSandbox/Materials/Instances/Environment/MI_Universal_IronDark,/Game/EnvSandbox/Materials/Masters/M_Master_Toon_Universal.M_Master_Toon_Universal,OK,,,MID,,Live overrides present
/Game/EnvSandbox/Materials/Instances/Environment/MI_Universal_LayeredStone,/Game/EnvSandbox/Materials/Masters/M_Master_Toon_Universal.M_Master_Toon_Universal,DEAD-OVERRIDE,RefractionDepthBias,,MID,,Dead overrides may cause unpredictable shading: RefractionDepthBias
/Game/EnvSandbox/Materials/Instances/Environment/MI_Universal_TrimVariantBlend,/Game/EnvSandbox/Materials/Masters/M_Master_Toon_Universal.M_Master_Toon_Universal,DEAD-OVERRIDE,RefractionDepthBias,,MID,,Dead overrides may cause unpredictable shading: RefractionDepthBias
/Game/EnvSandbox/Materials/Instances/Environment/MI_Universal_TrimVariantBlend_Wild,/Game/EnvSandbox/Materials/Masters/M_Master_Toon_Universal.M_Master_Toon_Universal,OK,,,MID,,Live overrides present
/Game/EnvSandbox/Materials/Instances/Environment/MI_Universal_WetCobblestone,/Game/EnvSandbox/Materials/Masters/M_Master_Toon_Universal.M_Master_Toon_Universal,DEAD-OVERRIDE,RefractionDepthBias,,MID,,Dead overrides may cause unpredictable shading: RefractionDepthBias
/Game/EnvSandbox/Materials/Instances/Environment/Magical/MI_StarryNight_Impressionist_Swirl,/Game/EnvSandbox/Materials/Masters/M_Melodia_StarryNight_Impressionist.M_Melodia_StarryNight_Impressionist,OK,,,HERO,,Live overrides present
/Game/EnvSandbox/Materials/Instances/Environment/Magical/MI_StarryNight_VanGogh,/Game/EnvSandbox/Materials/Candidates/Lookdev/M_Melodia_StarryNight_UDS_Candidate.M_Melodia_StarryNight_UDS_Candidate,DEAD-OVERRIDE,RefractionDepthBias,,HERO,,Dead overrides may cause unpredictable shading: RefractionDepthBias
/Game/EnvSandbox/Materials/Instances/Environment/Magical/MI_Universal_AuroraBorealis,/Game/EnvSandbox/Materials/Masters/M_Master_Toon_Universal.M_Master_Toon_Universal,OK,,,HERO,,Live overrides present
/Game/EnvSandbox/Materials/Instances/Environment/Magical/MI_Universal_CelestialNebula,/Game/EnvSandbox/Materials/Masters/M_Master_Toon_Universal.M_Master_Toon_Universal,OK,,,HERO,,Live overrides present
/Game/EnvSandbox/Materials/Instances/Environment/Magical/MI_Universal_Constellation,/Game/EnvSandbox/Materials/Masters/M_Master_Toon_Universal.M_Master_Toon_Universal,OK,,,HERO,,Live overrides present
/Game/EnvSandbox/Materials/Instances/Environment/Magical/MI_Universal_DreamyPastel,/Game/EnvSandbox/Materials/Masters/M_Master_Toon_Universal.M_Master_Toon_Universal,OK,,,HERO,,Live overrides present
/Game/EnvSandbox/Materials/Instances/Environment/Magical/MI_Universal_GoldLeaf,/Game/EnvSandbox/Materials/Masters/M_Master_Toon_Universal.M_Master_Toon_Universal,MARBLE-DEFAULT,,Albedo,MID,,Missing albedo texture - will show master default (likely grey/marble)
/Game/EnvSandbox/Materials/Instances/Environment/Magical/MI_Universal_MidnightGalaxy,/Game/EnvSandbox/Materials/Masters/M_Master_Toon_Universal.M_Master_Toon_Universal,OK,,,MID,,Live overrides present
/Game/EnvSandbox/Materials/Instances/Environment/PBR_Auto/MI_BezierDetails,/Game/EnvSandbox/Materials/Masters/M_Master_Toon_Universal.M_Master_Toon_Universal,OK,,,MID,,Live overrides present
/Game/EnvSandbox/Materials/Instances/Environment/PBR_Auto/MI_Brick01,/Game/EnvSandbox/Materials/Masters/M_Master_Toon_Universal.M_Master_Toon_Universal,OK,,,MID,,Live overrides present
/Game/EnvSandbox/Materials/Instances/Environment/PBR_Auto/MI_Brick02,/Game/EnvSandbox/Materials/Masters/M_Master_Toon_Universal.M_Master_Toon_Universal,OK,,,MID,,Live overrides present
/Game/EnvSandbox/Materials/Instances/Environment/PBR_Auto/MI_DefaultMaterial,/Game/EnvSandbox/Materials/Masters/M_Master_Toon_Universal.M_Master_Toon_Universal,OK,,,MID,,Live overrides present
/Game/EnvSandbox/Materials/Instances/Environment/PBR_Auto/MI_Foot,/Game/EnvSandbox/Materials/Masters/M_Master_Toon_Universal.M_Master_Toon_Universal,OK,,,MID,,Live overrides present
/Game/EnvSandbox/Materials/Instances/Environment/PBR_Auto/MI_KB3D_ATL_AtlasDecalOrnamets,/Game/EnvSandbox/Materials/Masters/M_Master_Toon_Universal.M_Master_Toon_Universal,OK,,,MID,,Live overrides present
/Game/EnvSandbox/Materials/Instances/Environment/PBR_Auto/MI_KB3D_ATL_AtlasOrnaments,/Game/EnvSandbox/Materials/Masters/M_Master_Toon_Universal.M_Master_Toon_Universal,OK,,,MID,,Live overrides present
/Game/EnvSandbox/Materials/Instances/Environment/PBR_Auto/MI_KB3D_ATL_BrickStoneCleanBlueC,/Game/EnvSandbox/Materials/Masters/M_Master_Toon_Universal.M_Master_Toon_Universal,OK,,,MID,,Live overrides present
/Game/EnvSandbox/Materials/Instances/Environment/PBR_Auto/MI_KB3D_ATL_BrickStoneCleanRedB,/Game/EnvSandbox/Materials/Masters/M_Master_Toon_Universal.M_Master_Toon_Universal,OK,,,MID,,Live overrides present
/Game/EnvSandbox/Materials/Instances/Environment/PBR_Auto/MI_KB3D_ATL_BrickStoneCleanTrimA,/Game/EnvSandbox/Materials/Masters/M_Master_Toon_Universal.M_Master_Toon_Universal,OK,,,MID,,Live overrides present
/Game/EnvSandbox/Materials/Instances/Environment/PBR_Auto/MI_KB3D_ATL_BrickStoneCleanWhiteA,/Game/EnvSandbox/Materials/Masters/M_Master_Toon_Universal.M_Master_Toon_Universal,OK,,,MID,,Live overrides present
/Game/EnvSandbox/Materials/Instances/Environment/PBR_Auto/MI_KB3D_ATL_BrickStoneDamagedD,/Game/EnvSandbox/Materials/Masters/M_Master_Toon_Universal.M_Master_Toon_Universal,OK,,,MID,,Live overrides present
/Game/EnvSandbox/Materials/Instances/Environment/PBR_Auto/MI_KB3D_ATL_Burlap,/Game/EnvSandbox/Materials/Masters/M_Master_Toon_Universal.M_Master_Toon_Universal,OK,,,MID,,Live overrides present
/Game/EnvSandbox/Materials/Instances/Environment/PBR_Auto/MI_KB3D_ATL_FabricSail,/Game/EnvSandbox/Materials/Masters/M_Master_Toon_Universal.M_Master_Toon_Universal,OK,,,MID,,Live overrides present
/Game/EnvSandbox/Materials/Instances/Environment/PBR_Auto/MI_KB3D_ATL_FabricTentBlueA,/Game/EnvSandbox/Materials/Masters/M_Master_Toon_Universal.M_Master_Toon_Universal,OK,,,MID,,Live overrides present
/Game/EnvSandbox/Materials/Instances/Environment/PBR_Auto/MI_KB3D_ATL_PropsChariot,/Game/EnvSandbox/Materials/Masters/M_Master_Toon_Universal.M_Master_Toon_Universal,OK,,,MID,,Live overrides present
/Game/EnvSandbox/Materials/Instances/Environment/PBR_Auto/MI_KB3D_ATL_PropsShields,/Game/EnvSandbox/Materials/Masters/M_Master_Toon_Universal.M_Master_Toon_Universal,OK,,,MID,,Live overrides present
/Game/EnvSandbox/Materials/Instances/Environment/PBR_Auto/MI_KB3D_ATL_PropsStele,/Game/EnvSandbox/Materials/Masters/M_Master_Toon_Universal.M_Master_Toon_Universal,OK,,,MID,,Live overrides present
/Game/EnvSandbox/Materials/Instances/Environment/PBR_Auto/MI_KB3D_ATL_PropsTrident,/Game/EnvSandbox/Materials/Masters/M_Master_Toon_Universal.M_Master_Toon_Universal,OK,,,MID,,Live overrides present
/Game/EnvSandbox/Materials/Instances/Environment/PBR_Auto/MI_KB3D_ATL_SandStoneDamagedWhite,/Game/EnvSandbox/Materials/Masters/M_Master_Toon_Universal.M_Master_Toon_Universal,OK,,,MID,,Live overrides present
/Game/EnvSandbox/Materials/Instances/Environment/PBR_Auto/MI_KB3D_ATL_SandStonePaintedBlueA,/Game/EnvSandbox/Materials/Masters/M_Master_Toon_Universal.M_Master_Toon_Universal,OK,,,MID,,Live overrides present
/Game/EnvSandbox/Materials/Instances/Environment/PBR_Auto/MI_KB3D_ATL_SandStoneWhiteBBrickDamage,/Game/EnvSandbox/Materials/Masters/M_Master_Toon_Universal.M_Master_Toon_Universal,OK,,,MID,,Live overrides present
/Game/EnvSandbox/Materials/Instances/Environment/PBR_Auto/MI_KB3D_ATL_SandStoneWhiteMBrickDamage,/Game/EnvSandbox/Materials/Masters/M_Master_Toon_Universal.M_Master_Toon_Universal,OK,,,MID,,Live overrides present
/Game/EnvSandbox/Materials/Instances/Environment/PBR_Auto/MI_KB3D_ATL_ScrollPaperTrim,/Game/EnvSandbox/Materials/Masters/M_Master_Toon_Universal.M_Master_Toon_Universal,OK,,,MID,,Live overrides present
/Game/EnvSandbox/Materials/Instances/Environment/PBR_Auto/MI_KB3D_ATL_StoneCleanTrimC,/Game/EnvSandbox/Materials/Masters/M_Master_Toon_Universal.M_Master_Toon_Universal,OK,,,MID,,Live overrides present
/Game/EnvSandbox/Materials/Instances/Environment/PBR_Auto/MI_KB3D_ATL_StoneFloorMosaicTrimA,/Game/EnvSandbox/Materials/Masters/M_Master_Toon_Universal.M_Master_Toon_Universal,OK,,,MID,,Live overrides present
/Game/EnvSandbox/Materials/Instances/Environment/PBR_Auto/MI_KB3D_ATL_StoneFloorPolishedC,/Game/EnvSandbox/Materials/Masters/M_Master_Toon_Universal.M_Master_Toon_Universal,OK,,,MID,,Live overrides present
/Game/EnvSandbox/Materials/Instances/Environment/PBR_Auto/MI_KB3D_ATL_StoneGrayMossy,/Game/EnvSandbox/Materials/Masters/M_Master_Toon_Universal.M_Master_Toon_Universal,OK,,,MID,,Live overrides present
/Game/EnvSandbox/Materials/Instances/Environment/PBR_Auto/MI_KB3D_ATL_TerracottaTileB,/Game/EnvSandbox/Materials/Masters/M_Master_Toon_Universal.M_Master_Toon_Universal,OK,,,MID,,Live overrides present
/Game/EnvSandbox/Materials/Instances/Environment/PBR_Auto/MI_KB3D_ATL_WoodBrownTrimC,/Game/EnvSandbox/Materials/Masters/M_Master_Toon_Universal.M_Master_Toon_Universal,OK,,,MID,,Live overrides present
/Game/EnvSandbox/Materials/Instances/Environment/PBR_Auto/MI_KB3D_ATL_WoodPaintedBlueA,/Game/EnvSandbox/Materials/Masters/M_Master_Toon_Universal.M_Master_Toon_Universal,OK,,,MID,,Live overrides present
/Game/EnvSandbox/Materials/Instances/Environment/PBR_Auto/MI_KB3D_ATL_WoodPaintedWhiteA,/Game/EnvSandbox/Materials/Masters/M_Master_Toon_Universal.M_Master_Toon_Universal,OK,,,MID,,Live overrides present
/Game/EnvSandbox/Materials/Instances/Environment/PBR_Auto/MI_KB3D_ATL_WoodPlankA,/Game/EnvSandbox/Materials/Masters/M_Master_Toon_Universal.M_Master_Toon_Universal,OK,,,MID,,Live overrides present
/Game/EnvSandbox/Materials/Instances/Environment/PBR_Auto/MI_Orphan_BezierDetails,/Game/EnvSandbox/Materials/Masters/M_Master_Toon_Universal.M_Master_Toon_Universal,MARBLE-DEFAULT,,Albedo,MID,,Missing albedo texture - will show master default (likely grey/marble)
/Game/EnvSandbox/Materials/Instances/Environment/PBR_Auto/MI_Orphan_Foot,/Game/EnvSandbox/Materials/Masters/M_Master_Toon_Universal.M_Master_Toon_Universal,MARBLE-DEFAULT,,Albedo,MID,,Missing albedo texture - will show master default (likely grey/marble)
/Game/EnvSandbox/Materials/Instances/Environment/PBR_Auto/MI_Orphan_Strings,/Game/EnvSandbox/Materials/Masters/M_Master_Toon_Universal.M_Master_Toon_Universal,MARBLE-DEFAULT,,Albedo,MID,,Missing albedo texture - will show master default (likely grey/marble)
/Game/EnvSandbox/Materials/Instances/Environment/PBR_Auto/MI_Orphan_T_Bling_Rhinestone01,/Game/EnvSandbox/Materials/Masters/M_Master_Toon_Universal.M_Master_Toon_Universal,MARBLE-DEFAULT,,Albedo,MID,,Missing albedo texture - will show master default (likely grey/marble)
/Game/EnvSandbox/Materials/Instances/Environment/PBR_Auto/MI_Orphan_T_Bling_Rhinestone02,/Game/EnvSandbox/Materials/Masters/M_Master_Toon_Universal.M_Master_Toon_Universal,MARBLE-DEFAULT,,Albedo,MID,,Missing albedo texture - will show master default (likely grey/marble)
/Game/EnvSandbox/Materials/Instances/Environment/PBR_Auto/MI_Orphan_T_Bling_Rhinestone03,/Game/EnvSandbox/Materials/Masters/M_Master_Toon_Universal.M_Master_Toon_Universal,MARBLE-DEFAULT,,Albedo,MID,,Missing albedo texture - will show master default (likely grey/marble)
/Game/EnvSandbox/Materials/Instances/Environment/PBR_Auto/MI_Orphan_T_Bling_Rhinestone04,/Game/EnvSandbox/Materials/Masters/M_Master_Toon_Universal.M_Master_Toon_Universal,MARBLE-DEFAULT,,Albedo,MID,,Missing albedo texture - will show master default (likely grey/marble)
/Game/EnvSandbox/Materials/Instances/Environment/PBR_Auto/MI_Orphan_T_Bling_Rhinestone05,/Game/EnvSandbox/Materials/Masters/M_Master_Toon_Universal.M_Master_Toon_Universal,MARBLE-DEFAULT,,Albedo,MID,,Missing albedo texture - will show master default (likely grey/marble)
/Game/EnvSandbox/Materials/Instances/Environment/PBR_Auto/MI_Orphan_T_Bling_Rhinestone06,/Game/EnvSandbox/Materials/Masters/M_Master_Toon_Universal.M_Master_Toon_Universal,MARBLE-DEFAULT,,Albedo,MID,,Missing albedo texture - will show master default (likely grey/marble)
/Game/EnvSandbox/Materials/Instances/Environment/PBR_Auto/MI_Orphan_T_Bling_Rhinestone07,/Game/EnvSandbox/Materials/Masters/M_Master_Toon_Universal.M_Master_Toon_Universal,MARBLE-DEFAULT,,Albedo,MID,,Missing albedo texture - will show master default (likely grey/marble)
/Game/EnvSandbox/Materials/Instances/Environment/PBR_Auto/MI_Orphan_T_Bling_Rhinestone08,/Game/EnvSandbox/Materials/Masters/M_Master_Toon_Universal.M_Master_Toon_Universal,MARBLE-DEFAULT,,Albedo,MID,,Missing albedo texture - will show master default (likely grey/marble)
/Game/EnvSandbox/Materials/Instances/Environment/PBR_Auto/MI_Orphan_T_Bling_Rhinestone09,/Game/EnvSandbox/Materials/Masters/M_Master_Toon_Universal.M_Master_Toon_Universal,MARBLE-DEFAULT,,Albedo,MID,,Missing albedo texture - will show master default (likely grey/marble)
/Game/EnvSandbox/Materials/Instances/Environment/PBR_Auto/MI_Orphan_T_Bling_Rhinestone10,/Game/EnvSandbox/Materials/Masters/M_Master_Toon_Universal.M_Master_Toon_Universal,MARBLE-DEFAULT,,Albedo,MID,,Missing albedo texture - will show master default (likely grey/marble)
/Game/EnvSandbox/Materials/Instances/Environment/PBR_Auto/MI_Orphan_T_Bling_Rhinestone11,/Game/EnvSandbox/Materials/Masters/M_Master_Toon_Universal.M_Master_Toon_Universal,MARBLE-DEFAULT,,Albedo,MID,,Missing albedo texture - will show master default (likely grey/marble)
/Game/EnvSandbox/Materials/Instances/Environment/PBR_Auto/MI_Orphan_T_Bling_Rhinestone12,/Game/EnvSandbox/Materials/Masters/M_Master_Toon_Universal.M_Master_Toon_Universal,MARBLE-DEFAULT,,Albedo,MID,,Missing albedo texture - will show master default (likely grey/marble)
/Game/EnvSandbox/Materials/Instances/Environment/PBR_Auto/MI_Orphan_T_Bling_Rhinestone13,/Game/EnvSandbox/Materials/Masters/M_Master_Toon_Universal.M_Master_Toon_Universal,MARBLE-DEFAULT,,Albedo,MID,,Missing albedo texture - will show master default (likely grey/marble)
/Game/EnvSandbox/Materials/Instances/Environment/PBR_Auto/MI_Orphan_T_Bling_Rhinestone14,/Game/EnvSandbox/Materials/Masters/M_Master_Toon_Universal.M_Master_Toon_Universal,MARBLE-DEFAULT,,Albedo,MID,,Missing albedo texture - will show master default (likely grey/marble)
/Game/EnvSandbox/Materials/Instances/Environment/PBR_Auto/MI_Orphan_T_Bling_Rhinestone15,/Game/EnvSandbox/Materials/Masters/M_Master_Toon_Universal.M_Master_Toon_Universal,MARBLE-DEFAULT,,Albedo,MID,,Missing albedo texture - will show master default (likely grey/marble)
/Game/EnvSandbox/Materials/Instances/Environment/PBR_Auto/MI_Orphan_T_Cathedral_Baptistery_TwelveFoldRosace,/Game/EnvSandbox/Materials/Masters/M_Master_Toon_Universal.M_Master_Toon_Universal,MARBLE-DEFAULT,,Albedo,MID,,Missing albedo texture - will show master default (likely grey/marble)
/Game/EnvSandbox/Materials/Instances/Environment/PBR_Auto/MI_Orphan_T_Cathedral_BasilicaNave_BookmatchedCipollino,/Game/EnvSandbox/Materials/Masters/M_Master_Toon_Universal.M_Master_Toon_Universal,MARBLE-DEFAULT,,Albedo,MID,,Missing albedo texture - will show master default (likely grey/marble)
/Game/EnvSandbox/Materials/Instances/Environment/PBR_Auto/MI_Orphan_T_Cathedral_ByzantineApse_GildedSmalti,/Game/EnvSandbox/Materials/Masters/M_Master_Toon_Universal.M_Master_Toon_Universal,MARBLE-DEFAULT,,Albedo,MID,,Missing albedo texture - will show master default (likely grey/marble)
/Game/EnvSandbox/Materials/Instances/Environment/PBR_Auto/MI_Orphan_T_Cathedral_CloisterWalk_WornTravertine,/Game/EnvSandbox/Materials/Masters/M_Master_Toon_Universal.M_Master_Toon_Universal,MARBLE-DEFAULT,,Albedo,MID,,Missing albedo texture - will show master default (likely grey/marble)
/Game/EnvSandbox/Materials/Instances/Environment/PBR_Auto/MI_Orphan_T_Cathedral_Cosmati_QuincunxGuilloche,/Game/EnvSandbox/Materials/Masters/M_Master_Toon_Universal.M_Master_Toon_Universal,MARBLE-DEFAULT,,Albedo,MID,,Missing albedo texture - will show master default (likely grey/marble)
/Game/EnvSandbox/Materials/Instances/Environment/PBR_Auto/MI_Orphan_T_Cathedral_OpusSectile_ImperialPorphyry,/Game/EnvSandbox/Materials/Masters/M_Master_Toon_Universal.M_Master_Toon_Universal,MARBLE-DEFAULT,,Albedo,MID,,Missing albedo texture - will show master default (likely grey/marble)
/Game/EnvSandbox/Materials/Instances/Environment/PBR_Auto/MI_Orphan_T_Cello,/Game/EnvSandbox/Materials/Masters/M_Master_Toon_Universal.M_Master_Toon_Universal,MARBLE-DEFAULT,,Albedo,MID,,Missing albedo texture - will show master default (likely grey/marble)
/Game/EnvSandbox/Materials/Instances/Environment/PBR_Auto/MI_Orphan_T_ClothTrim_Base4K,/Game/EnvSandbox/Materials/Masters/M_Master_Toon_Universal.M_Master_Toon_Universal,MARBLE-DEFAULT,,Albedo,HERO,,Missing albedo texture - will show master default (likely grey/marble)
/Game/EnvSandbox/Materials/Instances/Environment/PBR_Auto/MI_Orphan_T_ClothTrim_Gingham,/Game/EnvSandbox/Materials/Masters/M_Master_Toon_Universal.M_Master_Toon_Universal,MARBLE-DEFAULT,,Albedo,HERO,,Missing albedo texture - will show master default (likely grey/marble)
/Game/EnvSandbox/Materials/Instances/Environment/PBR_Auto/MI_Orphan_T_ClothTrim_Linen,/Game/EnvSandbox/Materials/Masters/M_Master_Toon_Universal.M_Master_Toon_Universal,MARBLE-DEFAULT,,Albedo,HERO,,Missing albedo texture - will show master default (likely grey/marble)
/Game/EnvSandbox/Materials/Instances/Environment/PBR_Auto/MI_Orphan_T_ClothTrim_Plush,/Game/EnvSandbox/Materials/Masters/M_Master_Toon_Universal.M_Master_Toon_Universal,MARBLE-DEFAULT,,Albedo,HERO,,Missing albedo texture - will show master default (likely grey/marble)
/Game/EnvSandbox/Materials/Instances/Environment/PBR_Auto/MI_Orphan_T_Crystal,/Game/EnvSandbox/Materials/Masters/M_Master_Toon_Universal.M_Master_Toon_Universal,MARBLE-DEFAULT,,Albedo,MID,,Missing albedo texture - will show master default (likely grey/marble)
/Game/EnvSandbox/Materials/Instances/Environment/PBR_Auto/MI_Orphan_T_Fabric_AquaticVelvet_CrushedFuzz,/Game/EnvSandbox/Materials/Masters/M_Master_Toon_Universal.M_Master_Toon_Universal,MARBLE-DEFAULT,,Albedo,MID,,Missing albedo texture - will show master default (likely grey/marble)
/Game/EnvSandbox/Materials/Instances/Environment/PBR_Auto/MI_Orphan_T_Fabric_BaroqueFiligreeLace,/Game/EnvSandbox/Materials/Masters/M_Master_Toon_Universal.M_Master_Toon_Universal,MARBLE-DEFAULT,,Albedo,HERO,,Missing albedo texture - will show master default (likely grey/marble)
/Game/EnvSandbox/Materials/Instances/Environment/PBR_Auto/MI_Orphan_T_Fabric_BaroqueLace,/Game/EnvSandbox/Materials/Masters/M_Master_Toon_Universal.M_Master_Toon_Universal,MARBLE-DEFAULT,,Albedo,HERO,,Missing albedo texture - will show master default (likely grey/marble)
/Game/EnvSandbox/Materials/Instances/Environment/PBR_Auto/MI_Orphan_T_Fabric_CelestialWeave,/Game/EnvSandbox/Materials/Masters/M_Master_Toon_Universal.M_Master_Toon_Universal,MARBLE-DEFAULT,,Albedo,HERO,,Missing albedo texture - will show master default (likely grey/marble)
/Game/EnvSandbox/Materials/Instances/Environment/PBR_Auto/MI_Orphan_T_Fabric_ChromaticJacquard_AcanthusBrocade,/Game/EnvSandbox/Materials/Masters/M_Master_Toon_Universal.M_Master_Toon_Universal,MARBLE-DEFAULT,,Albedo,MID,,Missing albedo texture - will show master default (likely grey/marble)
/Game/EnvSandbox/Materials/Instances/Environment/PBR_Auto/MI_Orphan_T_Fabric_GildedBrocade,/Game/EnvSandbox/Materials/Masters/M_Master_Toon_Universal.M_Master_Toon_Universal,MARBLE-DEFAULT,,Albedo,MID,,Missing albedo texture - will show master default (likely grey/marble)
/Game/EnvSandbox/Materials/Instances/Environment/PBR_Auto/MI_Orphan_T_Fabric_GildedJacquard,/Game/EnvSandbox/Materials/Masters/M_Master_Toon_Universal.M_Master_Toon_Universal,MARBLE-DEFAULT,,Albedo,MID,,Missing albedo texture - will show master default (likely grey/marble)
/Game/EnvSandbox/Materials/Instances/Environment/PBR_Auto/MI_Orphan_T_Fabric_GoldEmbroidery,/Game/EnvSandbox/Materials/Masters/M_Master_Toon_Universal.M_Master_Toon_Universal,MARBLE-DEFAULT,,Albedo,MID,,Missing albedo texture - will show master default (likely grey/marble)
/Game/EnvSandbox/Materials/Instances/Environment/PBR_Auto/MI_Orphan_T_Fabric_GoldThreadedEmbroidery,/Game/EnvSandbox/Materials/Masters/M_Master_Toon_Universal.M_Master_Toon_Universal,MARBLE-DEFAULT,,Albedo,MID,,Missing albedo texture - will show master default (likely grey/marble)
/Game/EnvSandbox/Materials/Instances/Environment/PBR_Auto/MI_Orphan_T_Fabric_IridescentCelestialWeave,/Game/EnvSandbox/Materials/Masters/M_Master_Toon_Universal.M_Master_Toon_Universal,MARBLE-DEFAULT,,Albedo,HERO,,Missing albedo texture - will show master default (likely grey/marble)
/Game/EnvSandbox/Materials/Instances/Environment/PBR_Auto/MI_Orphan_T_Fabric_IridescentDuchessSatin_ChampagneRose,/Game/EnvSandbox/Materials/Masters/M_Master_Toon_Universal.M_Master_Toon_Universal,MARBLE-DEFAULT,,Albedo,MID,,Missing albedo texture - will show master default (likely grey/marble)
/Game/EnvSandbox/Materials/Instances/Environment/PBR_Auto/MI_Orphan_T_Fabric_OpalescentChiffon_Plisse,/Game/EnvSandbox/Materials/Masters/M_Master_Toon_Universal.M_Master_Toon_Universal,MARBLE-DEFAULT,,Albedo,MID,,Missing albedo texture - will show master default (likely grey/marble)
/Game/EnvSandbox/Materials/Instances/Environment/PBR_Auto/MI_Orphan_T_Fabric_RoyalVelvet,/Game/EnvSandbox/Materials/Masters/M_Master_Toon_Universal.M_Master_Toon_Universal,MARBLE-DEFAULT,,Albedo,MID,,Missing albedo texture - will show master default (likely grey/marble)
/Game/EnvSandbox/Materials/Instances/Environment/PBR_Auto/MI_Orphan_T_Fabric_SheerSilk,/Game/EnvSandbox/Materials/Masters/M_Master_Toon_Universal.M_Master_Toon_Universal,MARBLE-DEFAULT,,Albedo,MID,,Missing albedo texture - will show master default (likely grey/marble)
/Game/EnvSandbox/Materials/Instances/Environment/PBR_Auto/MI_Orphan_T_FarawayMother_Corset_GildedAcanthusBrocade,/Game/EnvSandbox/Materials/Masters/M_Master_Toon_Universal.M_Master_Toon_Universal,MARBLE-DEFAULT,,Albedo,MID,,Missing albedo texture - will show master default (likely grey/marble)
/Game/EnvSandbox/Materials/Instances/Environment/PBR_Auto/MI_Orphan_T_FarawayMother_Cradle_CarvedAlabasterWood,/Game/EnvSandbox/Materials/Masters/M_Master_Toon_Universal.M_Master_Toon_Universal,MARBLE-DEFAULT,,Albedo,MID,,Missing albedo texture - will show master default (likely grey/marble)
/Game/EnvSandbox/Materials/Instances/Environment/PBR_Auto/MI_Orphan_T_FarawayMother_Gown_CelestialSilkJacquard,/Game/EnvSandbox/Materials/Masters/M_Master_Toon_Universal.M_Master_Toon_Universal,MARBLE-DEFAULT,,Albedo,HERO,,Missing albedo texture - will show master default (likely grey/marble)
/Game/EnvSandbox/Materials/Instances/Environment/PBR_Auto/MI_Orphan_T_FarawayMother_Mantle_NightSkyVelvet,/Game/EnvSandbox/Materials/Masters/M_Master_Toon_Universal.M_Master_Toon_Universal,MARBLE-DEFAULT,,Albedo,MID,,Missing albedo texture - will show master default (likely grey/marble)
/Game/EnvSandbox/Materials/Instances/Environment/PBR_Auto/MI_Orphan_T_FarawayMother_Ornament_NacreMusicBoxJewel,/Game/EnvSandbox/Materials/Masters/M_Master_Toon_Universal.M_Master_Toon_Universal,MARBLE-DEFAULT,,Albedo,MID,,Missing albedo texture - will show master default (likely grey/marble)
/Game/EnvSandbox/Materials/Instances/Environment/PBR_Auto/MI_Orphan_T_FarawayMother_Veil_AquaticLullabyLace,/Game/EnvSandbox/Materials/Masters/M_Master_Toon_Universal.M_Master_Toon_Universal,MARBLE-DEFAULT,,Albedo,MID,,Missing albedo texture - will show master default (likely grey/marble)
/Game/EnvSandbox/Materials/Instances/Environment/PBR_Auto/MI_Orphan_T_GildedPea,/Game/EnvSandbox/Materials/Masters/M_Master_Toon_Universal.M_Master_Toon_Universal,MARBLE-DEFAULT,,Albedo,MID,,Missing albedo texture - will show master default (likely grey/marble)
/Game/EnvSandbox/Materials/Instances/Environment/PBR_Auto/MI_Orphan_T_Houdini_BaroqueAcanthus_GildedMagentaSilk,/Game/EnvSandbox/Materials/Masters/M_Master_Toon_Universal.M_Master_Toon_Universal,MARBLE-DEFAULT,,Albedo,HERO,,Missing albedo texture - will show master default (likely grey/marble)
/Game/EnvSandbox/Materials/Instances/Environment/PBR_Auto/MI_Orphan_T_Houdini_CathedralStainedGlass_RosaceAzurePink,/Game/EnvSandbox/Materials/Masters/M_Master_Toon_Universal.M_Master_Toon_Universal,MARBLE-DEFAULT,,Albedo,MID,,Missing albedo texture - will show master default (likely grey/marble)
/Game/EnvSandbox/Materials/Instances/Environment/PBR_Auto/MI_Orphan_T_Houdini_ChladniAcoustic_UltravioletVelvet,/Game/EnvSandbox/Materials/Masters/M_Master_Toon_Universal.M_Master_Toon_Universal,MARBLE-DEFAULT,,Albedo,MID,,Missing albedo texture - will show master default (likely grey/marble)
/Game/EnvSandbox/Materials/Instances/Environment/PBR_Auto/MI_Orphan_T_Houdini_DifferentialOrganza_NeonHydrangea,/Game/EnvSandbox/Materials/Masters/M_Master_Toon_Universal.M_Master_Toon_Universal,MARBLE-DEFAULT,,Albedo,MID,,Missing albedo texture - will show master default (likely grey/marble)
/Game/EnvSandbox/Materials/Instances/Environment/PBR_Auto/MI_Orphan_T_Houdini_ReactionDiffusion_AmethystLapis,/Game/EnvSandbox/Materials/Masters/M_Master_Toon_Universal.M_Master_Toon_Universal,MARBLE-DEFAULT,,Albedo,MID,,Missing albedo texture - will show master default (likely grey/marble)
/Game/EnvSandbox/Materials/Instances/Environment/PBR_Auto/MI_Orphan_T_Houdini_VoronoiCrystal_PinkSapphire,/Game/EnvSandbox/Materials/Masters/M_Master_Toon_Universal.M_Master_Toon_Universal,MARBLE-DEFAULT,,Albedo,MID,,Missing albedo texture - will show master default (likely grey/marble)
/Game/EnvSandbox/Materials/Instances/Environment/PBR_Auto/MI_Orphan_T_LandscapeGrayscale,/Game/EnvSandbox/Materials/Masters/M_Master_Toon_Universal.M_Master_Toon_Universal,MARBLE-DEFAULT,,Albedo,MID,,Missing albedo texture - will show master default (likely grey/marble)
/Game/EnvSandbox/Materials/Instances/Environment/PBR_Auto/MI_Orphan_T_Leafcool,/Game/EnvSandbox/Materials/Masters/M_Master_Toon_Universal.M_Master_Toon_Universal,MARBLE-DEFAULT,,Albedo,MID,,Missing albedo texture - will show master default (likely grey/marble)
/Game/EnvSandbox/Materials/Instances/Environment/PBR_Auto/MI_Orphan_T_Lookdev_GildedAquaticFiligree_Trim,/Game/EnvSandbox/Materials/Masters/M_Master_Toon_Universal.M_Master_Toon_Universal,MARBLE-DEFAULT,,Albedo,MID,,Missing albedo texture - will show master default (likely grey/marble)
/Game/EnvSandbox/Materials/Instances/Environment/PBR_Auto/MI_Orphan_T_Lookdev_IridescentSilkVelvet,/Game/EnvSandbox/Materials/Masters/M_Master_Toon_Universal.M_Master_Toon_Universal,MARBLE-DEFAULT,,Albedo,MID,,Missing albedo texture - will show master default (likely grey/marble)
/Game/EnvSandbox/Materials/Instances/Environment/PBR_Auto/MI_Orphan_T_Lookdev_WatercolorStudio_CalibPlaster,/Game/EnvSandbox/Materials/Masters/M_Master_Toon_Universal.M_Master_Toon_Universal,MARBLE-DEFAULT,,Albedo,MID,,Missing albedo texture - will show master default (likely grey/marble)
/Game/EnvSandbox/Materials/Instances/Environment/PBR_Auto/MI_Orphan_T_MelodyToken_Heart,/Game/EnvSandbox/Materials/Masters/M_Master_Toon_Universal.M_Master_Toon_Universal,MARBLE-DEFAULT,,Albedo,HERO,,Missing albedo texture - will show master default (likely grey/marble)
/Game/EnvSandbox/Materials/Instances/Environment/PBR_Auto/MI_Orphan_T_Melusina_BaroqueAquatic_MosaicTile,/Game/EnvSandbox/Materials/Masters/M_Master_Toon_Universal.M_Master_Toon_Universal,MARBLE-DEFAULT,,Albedo,HERO,,Missing albedo texture - will show master default (likely grey/marble)
/Game/EnvSandbox/Materials/Instances/Environment/PBR_Auto/MI_Orphan_T_Melusina_BaroqueTiara_RoseGoldFiligree,/Game/EnvSandbox/Materials/Masters/M_Master_Toon_Universal.M_Master_Toon_Universal,MARBLE-DEFAULT,,Albedo,HERO,,Missing albedo texture - will show master default (likely grey/marble)
/Game/EnvSandbox/Materials/Instances/Environment/PBR_Auto/MI_Orphan_T_Melusina_CathedralPearl_MarbleTile,/Game/EnvSandbox/Materials/Masters/M_Master_Toon_Universal.M_Master_Toon_Universal,MARBLE-DEFAULT,,Albedo,HERO,,Missing albedo texture - will show master default (likely grey/marble)
/Game/EnvSandbox/Materials/Instances/Environment/PBR_Auto/MI_Orphan_T_Melusina_EtherealVeil_StarlightChantilly,/Game/EnvSandbox/Materials/Masters/M_Master_Toon_Universal.M_Master_Toon_Universal,MARBLE-DEFAULT,,Albedo,HERO,,Missing albedo texture - will show master default (likely grey/marble)
/Game/EnvSandbox/Materials/Instances/Environment/PBR_Auto/MI_Orphan_T_Melusina_FrontPanel,/Game/EnvSandbox/Materials/Masters/M_Master_Toon_Universal.M_Master_Toon_Universal,MARBLE-DEFAULT,,Albedo,HERO,,Missing albedo texture - will show master default (likely grey/marble)
/Game/EnvSandbox/Materials/Instances/Environment/PBR_Auto/MI_Orphan_T_Melusina_IridescentSiren_ScaleTessellation,/Game/EnvSandbox/Materials/Masters/M_Master_Toon_Universal.M_Master_Toon_Universal,MARBLE-DEFAULT,,Albedo,HERO,,Missing albedo texture - will show master default (likely grey/marble)
/Game/EnvSandbox/Materials/Instances/Environment/PBR_Auto/MI_Orphan_T_Melusina_MoonlitHarbor_WaterRippleParquet,/Game/EnvSandbox/Materials/Masters/M_Master_Toon_Universal.M_Master_Toon_Universal,MARBLE-DEFAULT,,Albedo,HERO,,Missing albedo texture - will show master default (likely grey/marble)
/Game/EnvSandbox/Materials/Instances/Environment/PBR_Auto/MI_Orphan_T_Melusina_PorcelainMusicBox_KintsugiLapis,/Game/EnvSandbox/Materials/Masters/M_Master_Toon_Universal.M_Master_Toon_Universal,MARBLE-DEFAULT,,Albedo,HERO,,Missing albedo texture - will show master default (likely grey/marble)
/Game/EnvSandbox/Materials/Instances/Environment/PBR_Auto/MI_Orphan_T_Melusina_SakuraLullaby_SilkOrganza,/Game/EnvSandbox/Materials/Masters/M_Master_Toon_Universal.M_Master_Toon_Universal,MARBLE-DEFAULT,,Albedo,HERO,,Missing albedo texture - will show master default (likely grey/marble)
/Game/EnvSandbox/Materials/Instances/Environment/PBR_Auto/MI_Orphan_T_Melusina_UpdatedShirt,/Game/EnvSandbox/Materials/Masters/M_Master_Toon_Universal.M_Master_Toon_Universal,MARBLE-DEFAULT,,Albedo,HERO,,Missing albedo texture - will show master default (likely grey/marble)
/Game/EnvSandbox/Materials/Instances/Environment/PBR_Auto/MI_Orphan_T_Melusina_WatercolourWave_Parquet,/Game/EnvSandbox/Materials/Masters/M_Master_Toon_Universal.M_Master_Toon_Universal,MARBLE-DEFAULT,,Albedo,HERO,,Missing albedo texture - will show master default (likely grey/marble)
/Game/EnvSandbox/Materials/Instances/Environment/PBR_Auto/MI_Orphan_T_Note,/Game/EnvSandbox/Materials/Masters/M_Master_Toon_Universal.M_Master_Toon_Universal,MARBLE-DEFAULT,,Albedo,MID,,Missing albedo texture - will show master default (likely grey/marble)
/Game/EnvSandbox/Materials/Instances/Environment/PBR_Auto/MI_Orphan_T_PrettyRock,/Game/EnvSandbox/Materials/Masters/M_Master_Toon_Universal.M_Master_Toon_Universal,MARBLE-DEFAULT,,Albedo,MID,,Missing albedo texture - will show master default (likely grey/marble)
/Game/EnvSandbox/Materials/Instances/Environment/PBR_Auto/MI_Orphan_T_SadRock,/Game/EnvSandbox/Materials/Masters/M_Master_Toon_Universal.M_Master_Toon_Universal,MARBLE-DEFAULT,,Albedo,MID,,Missing albedo texture - will show master default (likely grey/marble)
/Game/EnvSandbox/Materials/Instances/Environment/PBR_Auto/MI_Orphan_T_Sand,/Game/EnvSandbox/Materials/Masters/M_Master_Toon_Universal.M_Master_Toon_Universal,MARBLE-DEFAULT,,Albedo,MID,,Missing albedo texture - will show master default (likely grey/marble)
/Game/EnvSandbox/Materials/Instances/Environment/PBR_Auto/MI_Orphan_T_Stem1,/Game/EnvSandbox/Materials/Masters/M_Master_Toon_Universal.M_Master_Toon_Universal,MARBLE-DEFAULT,,Albedo,MID,,Missing albedo texture - will show master default (likely grey/marble)
/Game/EnvSandbox/Materials/Instances/Environment/PBR_Auto/MI_Orphan_T_Stembell,/Game/EnvSandbox/Materials/Masters/M_Master_Toon_Universal.M_Master_Toon_Universal,MARBLE-DEFAULT,,Albedo,MID,,Missing albedo texture - will show master default (likely grey/marble)
/Game/EnvSandbox/Materials/Instances/Environment/PBR_Auto/MI_Orphan_T_Terrace_MossyGrotto_GlazedTerracotta,/Game/EnvSandbox/Materials/Masters/M_Master_Toon_Universal.M_Master_Toon_Universal,MARBLE-DEFAULT,,Albedo,MID,,Missing albedo texture - will show master default (likely grey/marble)
/Game/EnvSandbox/Materials/Instances/Environment/PBR_Auto/MI_Orphan_T_Terrace_PetalFountain_HexMosaic,/Game/EnvSandbox/Materials/Masters/M_Master_Toon_Universal.M_Master_Toon_Universal,MARBLE-DEFAULT,,Albedo,MID,,Missing albedo texture - will show master default (likely grey/marble)
/Game/EnvSandbox/Materials/Instances/Environment/PBR_Auto/MI_Orphan_T_Terrace_SunkenPlaza_MarbleTessellation,/Game/EnvSandbox/Materials/Masters/M_Master_Toon_Universal.M_Master_Toon_Universal,MARBLE-DEFAULT,,Albedo,MID,,Missing albedo texture - will show master default (likely grey/marble)
/Game/EnvSandbox/Materials/Instances/Environment/PBR_Auto/MI_Orphan_T_Terrace_WaterOrgan_MajolicaTile,/Game/EnvSandbox/Materials/Masters/M_Master_Toon_Universal.M_Master_Toon_Universal,MARBLE-DEFAULT,,Albedo,MID,,Missing albedo texture - will show master default (likely grey/marble)
/Game/EnvSandbox/Materials/Instances/Environment/PBR_Auto/MI_Orphan_T_Treble,/Game/EnvSandbox/Materials/Masters/M_Master_Toon_Universal.M_Master_Toon_Universal,MARBLE-DEFAULT,,Albedo,MID,,Missing albedo texture - will show master default (likely grey/marble)
/Game/EnvSandbox/Materials/Instances/Environment/PBR_Auto/MI_Orphan_T_Trimsheet_Concrete,/Game/EnvSandbox/Materials/Masters/M_Master_Toon_Universal.M_Master_Toon_Universal,MARBLE-DEFAULT,,Albedo,MID,,Missing albedo texture - will show master default (likely grey/marble)
/Game/EnvSandbox/Materials/Instances/Environment/PBR_Auto/MI_Orphan_T_Trimsheet_HeartTiles,/Game/EnvSandbox/Materials/Masters/M_Master_Toon_Universal.M_Master_Toon_Universal,MARBLE-DEFAULT,,Albedo,MID,,Missing albedo texture - will show master default (likely grey/marble)
/Game/EnvSandbox/Materials/Instances/Environment/PBR_Auto/MI_Orphan_T_WaterBase,/Game/EnvSandbox/Materials/Masters/M_Master_Toon_Universal.M_Master_Toon_Universal,MARBLE-DEFAULT,,Albedo,MID,,Missing albedo texture - will show master default (likely grey/marble)
/Game/EnvSandbox/Materials/Instances/Environment/PBR_Auto/MI_Orphan_T_WaterHighlight,/Game/EnvSandbox/Materials/Masters/M_Master_Toon_Universal.M_Master_Toon_Universal,MARBLE-DEFAULT,,Albedo,MID,,Missing albedo texture - will show master default (likely grey/marble)
/Game/EnvSandbox/Materials/Instances/Environment/PBR_Auto/MI_Orphan_T_WaterLayer2,/Game/EnvSandbox/Materials/Masters/M_Master_Toon_Universal.M_Master_Toon_Universal,MARBLE-DEFAULT,,Albedo,MID,,Missing albedo texture - will show master default (likely grey/marble)
/Game/EnvSandbox/Materials/Instances/Environment/PBR_Auto/MI_Orphan_T_WaterLayerMid,/Game/EnvSandbox/Materials/Masters/M_Master_Toon_Universal.M_Master_Toon_Universal,MARBLE-DEFAULT,,Albedo,MID,,Missing albedo texture - will show master default (likely grey/marble)
/Game/EnvSandbox/Materials/Instances/Environment/PBR_Auto/MI_Orphan_T_ZenTrim_Base4K,/Game/EnvSandbox/Materials/Masters/M_Master_Toon_Universal.M_Master_Toon_Universal,MARBLE-DEFAULT,,Albedo,MID,,Missing albedo texture - will show master default (likely grey/marble)
/Game/EnvSandbox/Materials/Instances/Environment/PBR_Auto/MI_Orphan_Untitled_material,/Game/EnvSandbox/Materials/Masters/M_Master_Toon_Universal.M_Master_Toon_Universal,MARBLE-DEFAULT,,Albedo,MID,,Missing albedo texture - will show master default (likely grey/marble)
/Game/EnvSandbox/Materials/Instances/Environment/PBR_Auto/MI_Orphan_ViolinBase,/Game/EnvSandbox/Materials/Masters/M_Master_Toon_Universal.M_Master_Toon_Universal,MARBLE-DEFAULT,,Albedo,MID,,Missing albedo texture - will show master default (likely grey/marble)
/Game/EnvSandbox/Materials/Instances/Environment/PBR_Auto/MI_Orphan_ViolinTop,/Game/EnvSandbox/Materials/Masters/M_Master_Toon_Universal.M_Master_Toon_Universal,MARBLE-DEFAULT,,Albedo,MID,,Missing albedo texture - will show master default (likely grey/marble)
/Game/EnvSandbox/Materials/Instances/Environment/PBR_Auto/MI_Orphan_crystal1,/Game/EnvSandbox/Materials/Masters/M_Master_Toon_Universal.M_Master_Toon_Universal,MARBLE-DEFAULT,,Albedo,MID,,Missing albedo texture - will show master default (likely grey/marble)
/Game/EnvSandbox/Materials/Instances/Environment/PBR_Auto/MI_Strings,/Game/EnvSandbox/Materials/Masters/M_Master_Toon_Universal.M_Master_Toon_Universal,OK,,,MID,,Live overrides present
/Game/EnvSandbox/Materials/Instances/Environment/PBR_Auto/MI_T_Bling_Rhinestone01,/Game/EnvSandbox/Materials/Masters/M_Master_Toon_Universal.M_Master_Toon_Universal,OK,,,MID,,Live overrides present
/Game/EnvSandbox/Materials/Instances/Environment/PBR_Auto/MI_T_Bling_Rhinestone02,/Game/EnvSandbox/Materials/Masters/M_Master_Toon_Universal.M_Master_Toon_Universal,OK,,,MID,,Live overrides present
/Game/EnvSandbox/Materials/Instances/Environment/PBR_Auto/MI_T_Bling_Rhinestone03,/Game/EnvSandbox/Materials/Masters/M_Master_Toon_Universal.M_Master_Toon_Universal,OK,,,MID,,Live overrides present
/Game/EnvSandbox/Materials/Instances/Environment/PBR_Auto/MI_T_Bling_Rhinestone04,/Game/EnvSandbox/Materials/Masters/M_Master_Toon_Universal.M_Master_Toon_Universal,OK,,,MID,,Live overrides present
/Game/EnvSandbox/Materials/Instances/Environment/PBR_Auto/MI_T_Bling_Rhinestone05,/Game/EnvSandbox/Materials/Masters/M_Master_Toon_Universal.M_Master_Toon_Universal,OK,,,MID,,Live overrides present
/Game/EnvSandbox/Materials/Instances/Environment/PBR_Auto/MI_T_Bling_Rhinestone06,/Game/EnvSandbox/Materials/Masters/M_Master_Toon_Universal.M_Master_Toon_Universal,OK,,,MID,,Live overrides present
/Game/EnvSandbox/Materials/Instances/Environment/PBR_Auto/MI_T_Bling_Rhinestone07,/Game/EnvSandbox/Materials/Masters/M_Master_Toon_Universal.M_Master_Toon_Universal,OK,,,MID,,Live overrides present
/Game/EnvSandbox/Materials/Instances/Environment/PBR_Auto/MI_T_Bling_Rhinestone08,/Game/EnvSandbox/Materials/Masters/M_Master_Toon_Universal.M_Master_Toon_Universal,OK,,,MID,,Live overrides present
/Game/EnvSandbox/Materials/Instances/Environment/PBR_Auto/MI_T_Bling_Rhinestone09,/Game/EnvSandbox/Materials/Masters/M_Master_Toon_Universal.M_Master_Toon_Universal,OK,,,MID,,Live overrides present
/Game/EnvSandbox/Materials/Instances/Environment/PBR_Auto/MI_T_Bling_Rhinestone10,/Game/EnvSandbox/Materials/Masters/M_Master_Toon_Universal.M_Master_Toon_Universal,OK,,,MID,,Live overrides present
/Game/EnvSandbox/Materials/Instances/Environment/PBR_Auto/MI_T_Bling_Rhinestone11,/Game/EnvSandbox/Materials/Masters/M_Master_Toon_Universal.M_Master_Toon_Universal,OK,,,MID,,Live overrides present
/Game/EnvSandbox/Materials/Instances/Environment/PBR_Auto/MI_T_Bling_Rhinestone12,/Game/EnvSandbox/Materials/Masters/M_Master_Toon_Universal.M_Master_Toon_Universal,OK,,,MID,,Live overrides present
/Game/EnvSandbox/Materials/Instances/Environment/PBR_Auto/MI_T_Bling_Rhinestone13,/Game/EnvSandbox/Materials/Masters/M_Master_Toon_Universal.M_Master_Toon_Universal,OK,,,MID,,Live overrides present
/Game/EnvSandbox/Materials/Instances/Environment/PBR_Auto/MI_T_Bling_Rhinestone14,/Game/EnvSandbox/Materials/Masters/M_Master_Toon_Universal.M_Master_Toon_Universal,OK,,,MID,,Live overrides present
/Game/EnvSandbox/Materials/Instances/Environment/PBR_Auto/MI_T_Bling_Rhinestone15,/Game/EnvSandbox/Materials/Masters/M_Master_Toon_Universal.M_Master_Toon_Universal,OK,,,MID,,Live overrides present
/Game/EnvSandbox/Materials/Instances/Environment/PBR_Auto/MI_T_Cathedral_Baptistery_TwelveFoldRosace,/Game/EnvSandbox/Materials/Masters/M_Master_Toon_Universal.M_Master_Toon_Universal,OK,,,MID,,Live overrides present
/Game/EnvSandbox/Materials/Instances/Environment/PBR_Auto/MI_T_Cathedral_BasilicaNave_BookmatchedCipollino,/Game/EnvSandbox/Materials/Masters/M_Master_Toon_Universal.M_Master_Toon_Universal,OK,,,MID,,Live overrides present
/Game/EnvSandbox/Materials/Instances/Environment/PBR_Auto/MI_T_Cathedral_ByzantineApse_GildedSmalti,/Game/EnvSandbox/Materials/Masters/M_Master_Toon_Universal.M_Master_Toon_Universal,OK,,,MID,,Live overrides present
/Game/EnvSandbox/Materials/Instances/Environment/PBR_Auto/MI_T_Cathedral_CloisterWalk_WornTravertine,/Game/EnvSandbox/Materials/Masters/M_Master_Toon_Universal.M_Master_Toon_Universal,OK,,,MID,,Live overrides present
/Game/EnvSandbox/Materials/Instances/Environment/PBR_Auto/MI_T_Cathedral_Cosmati_QuincunxGuilloche,/Game/EnvSandbox/Materials/Masters/M_Master_Toon_Universal.M_Master_Toon_Universal,OK,,,MID,,Live overrides present
/Game/EnvSandbox/Materials/Instances/Environment/PBR_Auto/MI_T_Cathedral_OpusSectile_ImperialPorphyry,/Game/EnvSandbox/Materials/Masters/M_Master_Toon_Universal.M_Master_Toon_Universal,OK,,,MID,,Live overrides present
/Game/EnvSandbox/Materials/Instances/Environment/PBR_Auto/MI_T_Cello,/Game/EnvSandbox/Materials/Masters/M_Master_Toon_Universal.M_Master_Toon_Universal,OK,,,MID,,Live overrides present
/Game/EnvSandbox/Materials/Instances/Environment/PBR_Auto/MI_T_ClothTrim_Base4K,/Game/EnvSandbox/Materials/Masters/M_Master_Toon_Universal.M_Master_Toon_Universal,OK,,,HERO,,Live overrides present
/Game/EnvSandbox/Materials/Instances/Environment/PBR_Auto/MI_T_ClothTrim_Gingham,/Game/EnvSandbox/Materials/Masters/M_Master_Toon_Universal.M_Master_Toon_Universal,OK,,,HERO,,Live overrides present
/Game/EnvSandbox/Materials/Instances/Environment/PBR_Auto/MI_T_ClothTrim_Linen,/Game/EnvSandbox/Materials/Masters/M_Master_Toon_Universal.M_Master_Toon_Universal,OK,,,HERO,,Live overrides present
/Game/EnvSandbox/Materials/Instances/Environment/PBR_Auto/MI_T_ClothTrim_Plush,/Game/EnvSandbox/Materials/Masters/M_Master_Toon_Universal.M_Master_Toon_Universal,OK,,,HERO,,Live overrides present
/Game/EnvSandbox/Materials/Instances/Environment/PBR_Auto/MI_T_Crystal,/Game/EnvSandbox/Materials/Masters/M_Master_Toon_Universal.M_Master_Toon_Universal,OK,,,MID,,Live overrides present
/Game/EnvSandbox/Materials/Instances/Environment/PBR_Auto/MI_T_Fabric_AquaticVelvet_CrushedFuzz,/Game/EnvSandbox/Materials/Masters/M_Master_Toon_Universal.M_Master_Toon_Universal,OK,,,MID,,Live overrides present
/Game/EnvSandbox/Materials/Instances/Environment/PBR_Auto/MI_T_Fabric_BaroqueFiligreeLace,/Game/EnvSandbox/Materials/Masters/M_Master_Toon_Universal.M_Master_Toon_Universal,OK,,,HERO,,Live overrides present
/Game/EnvSandbox/Materials/Instances/Environment/PBR_Auto/MI_T_Fabric_BaroqueLace,/Game/EnvSandbox/Materials/Masters/M_Master_Toon_Universal.M_Master_Toon_Universal,OK,,,HERO,,Live overrides present
/Game/EnvSandbox/Materials/Instances/Environment/PBR_Auto/MI_T_Fabric_CelestialWeave,/Game/EnvSandbox/Materials/Masters/M_Master_Toon_Universal.M_Master_Toon_Universal,OK,,,HERO,,Live overrides present
/Game/EnvSandbox/Materials/Instances/Environment/PBR_Auto/MI_T_Fabric_ChromaticJacquard_AcanthusBrocade,/Game/EnvSandbox/Materials/Masters/M_Master_Toon_Universal.M_Master_Toon_Universal,OK,,,MID,,Live overrides present
/Game/EnvSandbox/Materials/Instances/Environment/PBR_Auto/MI_T_Fabric_GildedBrocade,/Game/EnvSandbox/Materials/Masters/M_Master_Toon_Universal.M_Master_Toon_Universal,OK,,,MID,,Live overrides present
/Game/EnvSandbox/Materials/Instances/Environment/PBR_Auto/MI_T_Fabric_GildedJacquard,/Game/EnvSandbox/Materials/Masters/M_Master_Toon_Universal.M_Master_Toon_Universal,OK,,,MID,,Live overrides present
/Game/EnvSandbox/Materials/Instances/Environment/PBR_Auto/MI_T_Fabric_GoldEmbroidery,/Game/EnvSandbox/Materials/Masters/M_Master_Toon_Universal.M_Master_Toon_Universal,OK,,,MID,,Live overrides present
/Game/EnvSandbox/Materials/Instances/Environment/PBR_Auto/MI_T_Fabric_GoldThreadedEmbroidery,/Game/EnvSandbox/Materials/Masters/M_Master_Toon_Universal.M_Master_Toon_Universal,OK,,,MID,,Live overrides present
/Game/EnvSandbox/Materials/Instances/Environment/PBR_Auto/MI_T_Fabric_IridescentCelestialWeave,/Game/EnvSandbox/Materials/Masters/M_Master_Toon_Universal.M_Master_Toon_Universal,OK,,,HERO,,Live overrides present
/Game/EnvSandbox/Materials/Instances/Environment/PBR_Auto/MI_T_Fabric_IridescentDuchessSatin_ChampagneRose,/Game/EnvSandbox/Materials/Masters/M_Master_Toon_Universal.M_Master_Toon_Universal,OK,,,MID,,Live overrides present
/Game/EnvSandbox/Materials/Instances/Environment/PBR_Auto/MI_T_Fabric_OpalescentChiffon_Plisse,/Game/EnvSandbox/Materials/Masters/M_Master_Toon_Universal.M_Master_Toon_Universal,OK,,,MID,,Live overrides present
/Game/EnvSandbox/Materials/Instances/Environment/PBR_Auto/MI_T_Fabric_RoyalVelvet,/Game/EnvSandbox/Materials/Masters/M_Master_Toon_Universal.M_Master_Toon_Universal,OK,,,MID,,Live overrides present
/Game/EnvSandbox/Materials/Instances/Environment/PBR_Auto/MI_T_Fabric_SheerSilk,/Game/EnvSandbox/Materials/Masters/M_Master_Toon_Universal.M_Master_Toon_Universal,OK,,,MID,,Live overrides present
/Game/EnvSandbox/Materials/Instances/Environment/PBR_Auto/MI_T_FarawayMother_Corset_GildedAcanthusBrocade,/Game/EnvSandbox/Materials/Masters/M_Master_Toon_Universal.M_Master_Toon_Universal,OK,,,MID,,Live overrides present
/Game/EnvSandbox/Materials/Instances/Environment/PBR_Auto/MI_T_FarawayMother_Cradle_CarvedAlabasterWood,/Game/EnvSandbox/Materials/Masters/M_Master_Toon_Universal.M_Master_Toon_Universal,OK,,,MID,,Live overrides present
/Game/EnvSandbox/Materials/Instances/Environment/PBR_Auto/MI_T_FarawayMother_Gown_CelestialSilkJacquard,/Game/EnvSandbox/Materials/Masters/M_Master_Toon_Universal.M_Master_Toon_Universal,OK,,,HERO,,Live overrides present
/Game/EnvSandbox/Materials/Instances/Environment/PBR_Auto/MI_T_FarawayMother_Mantle_NightSkyVelvet,/Game/EnvSandbox/Materials/Masters/M_Master_Toon_Universal.M_Master_Toon_Universal,OK,,,MID,,Live overrides present
/Game/EnvSandbox/Materials/Instances/Environment/PBR_Auto/MI_T_FarawayMother_Ornament_NacreMusicBoxJewel,/Game/EnvSandbox/Materials/Masters/M_Master_Toon_Universal.M_Master_Toon_Universal,OK,,,MID,,Live overrides present
/Game/EnvSandbox/Materials/Instances/Environment/PBR_Auto/MI_T_FarawayMother_Veil_AquaticLullabyLace,/Game/EnvSandbox/Materials/Masters/M_Master_Toon_Universal.M_Master_Toon_Universal,OK,,,MID,,Live overrides present
/Game/EnvSandbox/Materials/Instances/Environment/PBR_Auto/MI_T_GildedPea,/Game/EnvSandbox/Materials/Masters/M_Master_Toon_Universal.M_Master_Toon_Universal,OK,,,MID,,Live overrides present
/Game/EnvSandbox/Materials/Instances/Environment/PBR_Auto/MI_T_Houdini_BaroqueAcanthus_GildedMagentaSilk,/Game/EnvSandbox/Materials/Masters/M_Master_Toon_Universal.M_Master_Toon_Universal,OK,,,HERO,,Live overrides present
/Game/EnvSandbox/Materials/Instances/Environment/PBR_Auto/MI_T_Houdini_CathedralStainedGlass_RosaceAzurePink,/Game/EnvSandbox/Materials/Masters/M_Master_Toon_Universal.M_Master_Toon_Universal,OK,,,MID,,Live overrides present
/Game/EnvSandbox/Materials/Instances/Environment/PBR_Auto/MI_T_Houdini_ChladniAcoustic_UltravioletVelvet,/Game/EnvSandbox/Materials/Masters/M_Master_Toon_Universal.M_Master_Toon_Universal,OK,,,MID,,Live overrides present
/Game/EnvSandbox/Materials/Instances/Environment/PBR_Auto/MI_T_Houdini_DifferentialOrganza_NeonHydrangea,/Game/EnvSandbox/Materials/Masters/M_Master_Toon_Universal.M_Master_Toon_Universal,OK,,,MID,,Live overrides present
/Game/EnvSandbox/Materials/Instances/Environment/PBR_Auto/MI_T_Houdini_ReactionDiffusion_AmethystLapis,/Game/EnvSandbox/Materials/Masters/M_Master_Toon_Universal.M_Master_Toon_Universal,OK,,,MID,,Live overrides present
/Game/EnvSandbox/Materials/Instances/Environment/PBR_Auto/MI_T_Houdini_VoronoiCrystal_PinkSapphire,/Game/EnvSandbox/Materials/Masters/M_Master_Toon_Universal.M_Master_Toon_Universal,OK,,,MID,,Live overrides present
/Game/EnvSandbox/Materials/Instances/Environment/PBR_Auto/MI_T_LandscapeGrayscale,/Game/EnvSandbox/Materials/Masters/M_Master_Toon_Universal.M_Master_Toon_Universal,OK,,,MID,,Live overrides present
/Game/EnvSandbox/Materials/Instances/Environment/PBR_Auto/MI_T_Leafcool,/Game/EnvSandbox/Materials/Masters/M_Master_Toon_Universal.M_Master_Toon_Universal,OK,,,MID,,Live overrides present
/Game/EnvSandbox/Materials/Instances/Environment/PBR_Auto/MI_T_Lookdev_GildedAquaticFiligree_Trim,/Game/EnvSandbox/Materials/Masters/M_Master_Toon_Universal.M_Master_Toon_Universal,OK,,,MID,,Live overrides present
/Game/EnvSandbox/Materials/Instances/Environment/PBR_Auto/MI_T_Lookdev_IridescentSilkVelvet,/Game/EnvSandbox/Materials/Masters/M_Master_Toon_Universal.M_Master_Toon_Universal,OK,,,MID,,Live overrides present
/Game/EnvSandbox/Materials/Instances/Environment/PBR_Auto/MI_T_Lookdev_WatercolorStudio_CalibPlaster,/Game/EnvSandbox/Materials/Masters/M_Master_Toon_Universal.M_Master_Toon_Universal,OK,,,MID,,Live overrides present
/Game/EnvSandbox/Materials/Instances/Environment/PBR_Auto/MI_T_MelodyToken_Heart,/Game/EnvSandbox/Materials/Masters/M_Master_Toon_Universal.M_Master_Toon_Universal,OK,,,HERO,,Live overrides present
/Game/EnvSandbox/Materials/Instances/Environment/PBR_Auto/MI_T_Melusina_BaroqueAquatic_MosaicTile,/Game/EnvSandbox/Materials/Masters/M_Master_Toon_Universal.M_Master_Toon_Universal,OK,,,HERO,,Live overrides present
/Game/EnvSandbox/Materials/Instances/Environment/PBR_Auto/MI_T_Melusina_BaroqueTiara_RoseGoldFiligree,/Game/EnvSandbox/Materials/Masters/M_Master_Toon_Universal.M_Master_Toon_Universal,OK,,,HERO,,Live overrides present
/Game/EnvSandbox/Materials/Instances/Environment/PBR_Auto/MI_T_Melusina_CathedralPearl_MarbleTile,/Game/EnvSandbox/Materials/Masters/M_Master_Toon_Universal.M_Master_Toon_Universal,OK,,,HERO,,Live overrides present
/Game/EnvSandbox/Materials/Instances/Environment/PBR_Auto/MI_T_Melusina_EtherealVeil_StarlightChantilly,/Game/EnvSandbox/Materials/Masters/M_Master_Toon_Universal.M_Master_Toon_Universal,OK,,,HERO,,Live overrides present
/Game/EnvSandbox/Materials/Instances/Environment/PBR_Auto/MI_T_Melusina_FrontPanel,/Game/EnvSandbox/Materials/Masters/M_Master_Toon_Universal.M_Master_Toon_Universal,OK,,,HERO,,Live overrides present
/Game/EnvSandbox/Materials/Instances/Environment/PBR_Auto/MI_T_Melusina_IridescentSiren_ScaleTessellation,/Game/EnvSandbox/Materials/Masters/M_Master_Toon_Universal.M_Master_Toon_Universal,OK,,,HERO,,Live overrides present
/Game/EnvSandbox/Materials/Instances/Environment/PBR_Auto/MI_T_Melusina_MoonlitHarbor_WaterRippleParquet,/Game/EnvSandbox/Materials/Masters/M_Master_Toon_Universal.M_Master_Toon_Universal,OK,,,HERO,,Live overrides present
/Game/EnvSandbox/Materials/Instances/Environment/PBR_Auto/MI_T_Melusina_PorcelainMusicBox_KintsugiLapis,/Game/EnvSandbox/Materials/Masters/M_Master_Toon_Universal.M_Master_Toon_Universal,OK,,,HERO,,Live overrides present
/Game/EnvSandbox/Materials/Instances/Environment/PBR_Auto/MI_T_Melusina_SakuraLullaby_SilkOrganza,/Game/EnvSandbox/Materials/Masters/M_Master_Toon_Universal.M_Master_Toon_Universal,OK,,,HERO,,Live overrides present
/Game/EnvSandbox/Materials/Instances/Environment/PBR_Auto/MI_T_Melusina_UpdatedShirt,/Game/EnvSandbox/Materials/Masters/M_Master_Toon_Universal.M_Master_Toon_Universal,OK,,,HERO,,Live overrides present
/Game/EnvSandbox/Materials/Instances/Environment/PBR_Auto/MI_T_Melusina_WatercolourWave_Parquet,/Game/EnvSandbox/Materials/Masters/M_Master_Toon_Universal.M_Master_Toon_Universal,OK,,,HERO,,Live overrides present
/Game/EnvSandbox/Materials/Instances/Environment/PBR_Auto/MI_T_Note,/Game/EnvSandbox/Materials/Masters/M_Master_Toon_Universal.M_Master_Toon_Universal,OK,,,MID,,Live overrides present
/Game/EnvSandbox/Materials/Instances/Environment/PBR_Auto/MI_T_PrettyRock,/Game/EnvSandbox/Materials/Masters/M_Master_Toon_Universal.M_Master_Toon_Universal,OK,,,MID,,Live overrides present
/Game/EnvSandbox/Materials/Instances/Environment/PBR_Auto/MI_T_SadRock,/Game/EnvSandbox/Materials/Masters/M_Master_Toon_Universal.M_Master_Toon_Universal,OK,,,MID,,Live overrides present
/Game/EnvSandbox/Materials/Instances/Environment/PBR_Auto/MI_T_Sand,/Game/EnvSandbox/Materials/Masters/M_Master_Toon_Universal.M_Master_Toon_Universal,OK,,,MID,,Live overrides present
/Game/EnvSandbox/Materials/Instances/Environment/PBR_Auto/MI_T_Stem1,/Game/EnvSandbox/Materials/Masters/M_Master_Toon_Universal.M_Master_Toon_Universal,OK,,,MID,,Live overrides present
/Game/EnvSandbox/Materials/Instances/Environment/PBR_Auto/MI_T_Stembell,/Game/EnvSandbox/Materials/Masters/M_Master_Toon_Universal.M_Master_Toon_Universal,OK,,,MID,,Live overrides present
/Game/EnvSandbox/Materials/Instances/Environment/PBR_Auto/MI_T_Terrace_MossyGrotto_GlazedTerracotta,/Game/EnvSandbox/Materials/Masters/M_Master_Toon_Universal.M_Master_Toon_Universal,OK,,,MID,,Live overrides present
/Game/EnvSandbox/Materials/Instances/Environment/PBR_Auto/MI_T_Terrace_PetalFountain_HexMosaic,/Game/EnvSandbox/Materials/Masters/M_Master_Toon_Universal.M_Master_Toon_Universal,OK,,,MID,,Live overrides present
/Game/EnvSandbox/Materials/Instances/Environment/PBR_Auto/MI_T_Terrace_SunkenPlaza_MarbleTessellation,/Game/EnvSandbox/Materials/Masters/M_Master_Toon_Universal.M_Master_Toon_Universal,OK,,,MID,,Live overrides present
/Game/EnvSandbox/Materials/Instances/Environment/PBR_Auto/MI_T_Terrace_WaterOrgan_MajolicaTile,/Game/EnvSandbox/Materials/Masters/M_Master_Toon_Universal.M_Master_Toon_Universal,OK,,,MID,,Live overrides present
/Game/EnvSandbox/Materials/Instances/Environment/PBR_Auto/MI_T_Treble,/Game/EnvSandbox/Materials/Masters/M_Master_Toon_Universal.M_Master_Toon_Universal,OK,,,MID,,Live overrides present
/Game/EnvSandbox/Materials/Instances/Environment/PBR_Auto/MI_T_Trimsheet_Concrete,/Game/EnvSandbox/Materials/Masters/M_Master_Toon_Universal.M_Master_Toon_Universal,OK,,,MID,,Live overrides present
/Game/EnvSandbox/Materials/Instances/Environment/PBR_Auto/MI_T_Trimsheet_HeartTiles,/Game/EnvSandbox/Materials/Masters/M_Master_Toon_Universal.M_Master_Toon_Universal,OK,,,MID,,Live overrides present
/Game/EnvSandbox/Materials/Instances/Environment/PBR_Auto/MI_T_WaterBase,/Game/EnvSandbox/Materials/Masters/M_Master_Toon_Universal.M_Master_Toon_Universal,OK,,,MID,,Live overrides present
/Game/EnvSandbox/Materials/Instances/Environment/PBR_Auto/MI_T_WaterHighlight,/Game/EnvSandbox/Materials/Masters/M_Master_Toon_Universal.M_Master_Toon_Universal,OK,,,MID,,Live overrides present
/Game/EnvSandbox/Materials/Instances/Environment/PBR_Auto/MI_T_WaterLayer2,/Game/EnvSandbox/Materials/Masters/M_Master_Toon_Universal.M_Master_Toon_Universal,OK,,,MID,,Live overrides present
/Game/EnvSandbox/Materials/Instances/Environment/PBR_Auto/MI_T_WaterLayerMid,/Game/EnvSandbox/Materials/Masters/M_Master_Toon_Universal.M_Master_Toon_Universal,OK,,,MID,,Live overrides present
/Game/EnvSandbox/Materials/Instances/Environment/PBR_Auto/MI_T_ZenTrim_Base4K,/Game/EnvSandbox/Materials/Masters/M_Master_Toon_Universal.M_Master_Toon_Universal,OK,,,MID,,Live overrides present
/Game/EnvSandbox/Materials/Instances/Environment/PBR_Auto/MI_Untitled_material,/Game/EnvSandbox/Materials/Masters/M_Master_Toon_Universal.M_Master_Toon_Universal,OK,,,MID,,Live overrides present
/Game/EnvSandbox/Materials/Instances/Environment/PBR_Auto/MI_ViolinBase,/Game/EnvSandbox/Materials/Masters/M_Master_Toon_Universal.M_Master_Toon_Universal,OK,,,MID,,Live overrides present
/Game/EnvSandbox/Materials/Instances/Environment/PBR_Auto/MI_ViolinTop,/Game/EnvSandbox/Materials/Masters/M_Master_Toon_Universal.M_Master_Toon_Universal,OK,,,MID,,Live overrides present
/Game/EnvSandbox/Materials/Instances/Environment/PBR_Auto/MI_bling_surface_vol3_01,/Game/EnvSandbox/Materials/Masters/M_Master_Toon_Universal.M_Master_Toon_Universal,OK,,,MID,,Live overrides present
/Game/EnvSandbox/Materials/Instances/Environment/PBR_Auto/MI_bling_surface_vol3_02,/Game/EnvSandbox/Materials/Masters/M_Master_Toon_Universal.M_Master_Toon_Universal,OK,,,MID,,Live overrides present
/Game/EnvSandbox/Materials/Instances/Environment/PBR_Auto/MI_bling_surface_vol3_03,/Game/EnvSandbox/Materials/Masters/M_Master_Toon_Universal.M_Master_Toon_Universal,OK,,,MID,,Live overrides present
/Game/EnvSandbox/Materials/Instances/Environment/PBR_Auto/MI_bling_surface_vol3_04,/Game/EnvSandbox/Materials/Masters/M_Master_Toon_Universal.M_Master_Toon_Universal,OK,,,MID,,Live overrides present
/Game/EnvSandbox/Materials/Instances/Environment/PBR_Auto/MI_bling_surface_vol3_05,/Game/EnvSandbox/Materials/Masters/M_Master_Toon_Universal.M_Master_Toon_Universal,OK,,,MID,,Live overrides present
/Game/EnvSandbox/Materials/Instances/Environment/PBR_Auto/MI_bling_surface_vol3_06,/Game/EnvSandbox/Materials/Masters/M_Master_Toon_Universal.M_Master_Toon_Universal,OK,,,MID,,Live overrides present
/Game/EnvSandbox/Materials/Instances/Environment/PBR_Auto/MI_bling_surface_vol3_07,/Game/EnvSandbox/Materials/Masters/M_Master_Toon_Universal.M_Master_Toon_Universal,OK,,,MID,,Live overrides present
/Game/EnvSandbox/Materials/Instances/Environment/PBR_Auto/MI_bling_surface_vol3_08,/Game/EnvSandbox/Materials/Masters/M_Master_Toon_Universal.M_Master_Toon_Universal,OK,,,MID,,Live overrides present
/Game/EnvSandbox/Materials/Instances/Environment/PBR_Auto/MI_bling_surface_vol3_09,/Game/EnvSandbox/Materials/Masters/M_Master_Toon_Universal.M_Master_Toon_Universal,OK,,,MID,,Live overrides present
/Game/EnvSandbox/Materials/Instances/Environment/PBR_Auto/MI_bling_surface_vol3_10,/Game/EnvSandbox/Materials/Masters/M_Master_Toon_Universal.M_Master_Toon_Universal,OK,,,MID,,Live overrides present
/Game/EnvSandbox/Materials/Instances/Environment/PBR_Auto/MI_bling_surface_vol3_11,/Game/EnvSandbox/Materials/Masters/M_Master_Toon_Universal.M_Master_Toon_Universal,OK,,,MID,,Live overrides present
/Game/EnvSandbox/Materials/Instances/Environment/PBR_Auto/MI_bling_surface_vol3_12,/Game/EnvSandbox/Materials/Masters/M_Master_Toon_Universal.M_Master_Toon_Universal,OK,,,MID,,Live overrides present
/Game/EnvSandbox/Materials/Instances/Environment/PBR_Auto/MI_bling_surface_vol3_13,/Game/EnvSandbox/Materials/Masters/M_Master_Toon_Universal.M_Master_Toon_Universal,OK,,,MID,,Live overrides present
/Game/EnvSandbox/Materials/Instances/Environment/PBR_Auto/MI_bling_surface_vol3_14,/Game/EnvSandbox/Materials/Masters/M_Master_Toon_Universal.M_Master_Toon_Universal,OK,,,MID,,Live overrides present
/Game/EnvSandbox/Materials/Instances/Environment/PBR_Auto/MI_bling_surface_vol3_15,/Game/EnvSandbox/Materials/Masters/M_Master_Toon_Universal.M_Master_Toon_Universal,OK,,,MID,,Live overrides present
/Game/EnvSandbox/Materials/Instances/Environment/PBR_Auto/MI_crystal1,/Game/EnvSandbox/Materials/Masters/M_Master_Toon_Universal.M_Master_Toon_Universal,OK,,,MID,,Live overrides present
/Game/EnvSandbox/Materials/Instances/Environment/PBR_Auto/MI_crystal2,/Game/EnvSandbox/Materials/Masters/M_Master_Toon_Universal.M_Master_Toon_Universal,OK,,,MID,,Live overrides present
/Game/EnvSandbox/Materials/Instances/Environment/PBR_Auto/MI_crystal3,/Game/EnvSandbox/Materials/Masters/M_Master_Toon_Universal.M_Master_Toon_Universal,OK,,,MID,,Live overrides present
/Game/EnvSandbox/Materials/Instances/Environment/PatternsExtra/MI_pattern_000,/Game/EnvSandbox/Materials/Masters/M_Master_Toon_Universal.M_Master_Toon_Universal,OK,,,MID,,Live overrides present
/Game/EnvSandbox/Materials/Instances/Environment/PatternsExtra/MI_pattern_001,/Game/EnvSandbox/Materials/Masters/M_Master_Toon_Universal.M_Master_Toon_Universal,OK,,,MID,,Live overrides present
/Game/EnvSandbox/Materials/Instances/Environment/PatternsExtra/MI_pattern_002,/Game/EnvSandbox/Materials/Masters/M_Master_Toon_Universal.M_Master_Toon_Universal,OK,,,MID,,Live overrides present
/Game/EnvSandbox/Materials/Instances/Environment/PatternsExtra/MI_pattern_003,/Game/EnvSandbox/Materials/Masters/M_Master_Toon_Universal.M_Master_Toon_Universal,OK,,,MID,,Live overrides present
/Game/EnvSandbox/Materials/Instances/Environment/PatternsExtra/MI_pattern_004,/Game/EnvSandbox/Materials/Masters/M_Master_Toon_Universal.M_Master_Toon_Universal,OK,,,MID,,Live overrides present
/Game/EnvSandbox/Materials/Instances/Environment/PatternsExtra/MI_pattern_005,/Game/EnvSandbox/Materials/Masters/M_Master_Toon_Universal.M_Master_Toon_Universal,OK,,,MID,,Live overrides present
/Game/EnvSandbox/Materials/Instances/Environment/PatternsExtra/MI_pattern_006,/Game/EnvSandbox/Materials/Masters/M_Master_Toon_Universal.M_Master_Toon_Universal,OK,,,MID,,Live overrides present
/Game/EnvSandbox/Materials/Instances/Environment/PatternsExtra/MI_pattern_007,/Game/EnvSandbox/Materials/Masters/M_Master_Toon_Universal.M_Master_Toon_Universal,OK,,,MID,,Live overrides present
/Game/EnvSandbox/Materials/Instances/Environment/PatternsExtra/MI_pattern_008,/Game/EnvSandbox/Materials/Masters/M_Master_Toon_Universal.M_Master_Toon_Universal,OK,,,MID,,Live overrides present
/Game/EnvSandbox/Materials/Instances/Environment/PatternsExtra/MI_pattern_009,/Game/EnvSandbox/Materials/Masters/M_Master_Toon_Universal.M_Master_Toon_Universal,OK,,,MID,,Live overrides present
/Game/EnvSandbox/Materials/Instances/Environment/PatternsExtra/MI_pattern_010,/Game/EnvSandbox/Materials/Masters/M_Master_Toon_Universal.M_Master_Toon_Universal,OK,,,MID,,Live overrides present
/Game/EnvSandbox/Materials/Instances/Environment/PatternsExtra/MI_pattern_011,/Game/EnvSandbox/Materials/Masters/M_Master_Toon_Universal.M_Master_Toon_Universal,OK,,,MID,,Live overrides present
/Game/EnvSandbox/Materials/Instances/Environment/PatternsExtra/MI_pattern_012,/Game/EnvSandbox/Materials/Masters/M_Master_Toon_Universal.M_Master_Toon_Universal,OK,,,MID,,Live overrides present
/Game/EnvSandbox/Materials/Instances/Environment/PatternsExtra/MI_pattern_013,/Game/EnvSandbox/Materials/Masters/M_Master_Toon_Universal.M_Master_Toon_Universal,OK,,,MID,,Live overrides present
/Game/EnvSandbox/Materials/Instances/Environment/PatternsExtra/MI_pattern_014,/Game/EnvSandbox/Materials/Masters/M_Master_Toon_Universal.M_Master_Toon_Universal,OK,,,MID,,Live overrides present
/Game/EnvSandbox/Materials/Instances/Environment/PatternsExtra/MI_pattern_015,/Game/EnvSandbox/Materials/Masters/M_Master_Toon_Universal.M_Master_Toon_Universal,OK,,,MID,,Live overrides present
/Game/EnvSandbox/Materials/Instances/Environment/PatternsExtra/MI_pattern_016,/Game/EnvSandbox/Materials/Masters/M_Master_Toon_Universal.M_Master_Toon_Universal,OK,,,MID,,Live overrides present
/Game/EnvSandbox/Materials/Instances/Environment/PatternsExtra/MI_pattern_017,/Game/EnvSandbox/Materials/Masters/M_Master_Toon_Universal.M_Master_Toon_Universal,OK,,,MID,,Live overrides present
/Game/EnvSandbox/Materials/Instances/Environment/PatternsExtra/MI_pattern_018,/Game/EnvSandbox/Materials/Masters/M_Master_Toon_Universal.M_Master_Toon_Universal,OK,,,MID,,Live overrides present
/Game/EnvSandbox/Materials/Instances/Environment/PatternsExtra/MI_pattern_019,/Game/EnvSandbox/Materials/Masters/M_Master_Toon_Universal.M_Master_Toon_Universal,OK,,,MID,,Live overrides present
/Game/EnvSandbox/Materials/Instances/Environment/PatternsExtra/MI_pattern_020,/Game/EnvSandbox/Materials/Masters/M_Master_Toon_Universal.M_Master_Toon_Universal,OK,,,MID,,Live overrides present
/Game/EnvSandbox/Materials/Instances/Environment/PatternsExtra/MI_pattern_021,/Game/EnvSandbox/Materials/Masters/M_Master_Toon_Universal.M_Master_Toon_Universal,OK,,,MID,,Live overrides present
/Game/EnvSandbox/Materials/Instances/Environment/PatternsExtra/MI_pattern_022,/Game/EnvSandbox/Materials/Masters/M_Master_Toon_Universal.M_Master_Toon_Universal,OK,,,MID,,Live overrides present
/Game/EnvSandbox/Materials/Instances/Environment/PatternsExtra/MI_pattern_023,/Game/EnvSandbox/Materials/Masters/M_Master_Toon_Universal.M_Master_Toon_Universal,OK,,,MID,,Live overrides present
/Game/EnvSandbox/Materials/Instances/Environment/PatternsExtra/MI_pattern_024,/Game/EnvSandbox/Materials/Masters/M_Master_Toon_Universal.M_Master_Toon_Universal,OK,,,MID,,Live overrides present
/Game/EnvSandbox/Materials/Instances/Environment/PatternsExtra/MI_pattern_025,/Game/EnvSandbox/Materials/Masters/M_Master_Toon_Universal.M_Master_Toon_Universal,OK,,,MID,,Live overrides present
/Game/EnvSandbox/Materials/Instances/Environment/PatternsExtra/MI_pattern_026,/Game/EnvSandbox/Materials/Masters/M_Master_Toon_Universal.M_Master_Toon_Universal,OK,,,MID,,Live overrides present
/Game/EnvSandbox/Materials/Instances/Environment/PatternsExtra/MI_pattern_027,/Game/EnvSandbox/Materials/Masters/M_Master_Toon_Universal.M_Master_Toon_Universal,OK,,,MID,,Live overrides present
/Game/EnvSandbox/Materials/Instances/Environment/PatternsExtra/MI_pattern_028,/Game/EnvSandbox/Materials/Masters/M_Master_Toon_Universal.M_Master_Toon_Universal,OK,,,MID,,Live overrides present
/Game/EnvSandbox/Materials/Instances/Environment/PatternsExtra/MI_pattern_029,/Game/EnvSandbox/Materials/Masters/M_Master_Toon_Universal.M_Master_Toon_Universal,OK,,,MID,,Live overrides present
/Game/EnvSandbox/Materials/Instances/Environment/PatternsExtra/MI_pattern_030,/Game/EnvSandbox/Materials/Masters/M_Master_Toon_Universal.M_Master_Toon_Universal,OK,,,MID,,Live overrides present
/Game/EnvSandbox/Materials/Instances/Environment/PatternsExtra/MI_pattern_031,/Game/EnvSandbox/Materials/Masters/M_Master_Toon_Universal.M_Master_Toon_Universal,OK,,,MID,,Live overrides present
/Game/EnvSandbox/Materials/Instances/Environment/PatternsExtra/MI_pattern_032,/Game/EnvSandbox/Materials/Masters/M_Master_Toon_Universal.M_Master_Toon_Universal,OK,,,MID,,Live overrides present
/Game/EnvSandbox/Materials/Instances/Environment/PatternsExtra/MI_pattern_033,/Game/EnvSandbox/Materials/Masters/M_Master_Toon_Universal.M_Master_Toon_Universal,OK,,,MID,,Live overrides present
/Game/EnvSandbox/Materials/Instances/Environment/PatternsExtra/MI_pattern_034,/Game/EnvSandbox/Materials/Masters/M_Master_Toon_Universal.M_Master_Toon_Universal,OK,,,MID,,Live overrides present
/Game/EnvSandbox/Materials/Instances/Environment/PatternsExtra/MI_pattern_035,/Game/EnvSandbox/Materials/Masters/M_Master_Toon_Universal.M_Master_Toon_Universal,OK,,,MID,,Live overrides present
/Game/EnvSandbox/Materials/Instances/Environment/PatternsExtra/MI_pattern_036,/Game/EnvSandbox/Materials/Masters/M_Master_Toon_Universal.M_Master_Toon_Universal,OK,,,MID,,Live overrides present
/Game/EnvSandbox/Materials/Instances/Environment/PatternsExtra/MI_pattern_037,/Game/EnvSandbox/Materials/Masters/M_Master_Toon_Universal.M_Master_Toon_Universal,OK,,,MID,,Live overrides present
/Game/EnvSandbox/Materials/Instances/Environment/PatternsExtra/MI_pattern_038,/Game/EnvSandbox/Materials/Masters/M_Master_Toon_Universal.M_Master_Toon_Universal,OK,,,MID,,Live overrides present
/Game/EnvSandbox/Materials/Instances/Environment/PatternsExtra/MI_pattern_039,/Game/EnvSandbox/Materials/Masters/M_Master_Toon_Universal.M_Master_Toon_Universal,OK,,,MID,,Live overrides present
/Game/EnvSandbox/Materials/Instances/Environment/PatternsExtra/MI_pattern_040,/Game/EnvSandbox/Materials/Masters/M_Master_Toon_Universal.M_Master_Toon_Universal,OK,,,MID,,Live overrides present
/Game/EnvSandbox/Materials/Instances/Environment/PatternsExtra/MI_pattern_041,/Game/EnvSandbox/Materials/Masters/M_Master_Toon_Universal.M_Master_Toon_Universal,OK,,,MID,,Live overrides present
/Game/EnvSandbox/Materials/Instances/Environment/PatternsExtra/MI_pattern_042,/Game/EnvSandbox/Materials/Masters/M_Master_Toon_Universal.M_Master_Toon_Universal,OK,,,MID,,Live overrides present
/Game/EnvSandbox/Materials/Instances/Environment/PatternsExtra/MI_pattern_043,/Game/EnvSandbox/Materials/Masters/M_Master_Toon_Universal.M_Master_Toon_Universal,OK,,,MID,,Live overrides present
/Game/EnvSandbox/Materials/Instances/Environment/PatternsExtra/MI_pattern_044,/Game/EnvSandbox/Materials/Masters/M_Master_Toon_Universal.M_Master_Toon_Universal,OK,,,MID,,Live overrides present
/Game/EnvSandbox/Materials/Instances/Environment/PatternsExtra/MI_pattern_045,/Game/EnvSandbox/Materials/Masters/M_Master_Toon_Universal.M_Master_Toon_Universal,OK,,,MID,,Live overrides present
/Game/EnvSandbox/Materials/Instances/Environment/PatternsExtra/MI_pattern_046,/Game/EnvSandbox/Materials/Masters/M_Master_Toon_Universal.M_Master_Toon_Universal,OK,,,MID,,Live overrides present
/Game/EnvSandbox/Materials/Instances/Environment/PatternsExtra/MI_pattern_047,/Game/EnvSandbox/Materials/Masters/M_Master_Toon_Universal.M_Master_Toon_Universal,OK,,,MID,,Live overrides present
/Game/EnvSandbox/Materials/Instances/Environment/PatternsExtra/MI_pattern_048,/Game/EnvSandbox/Materials/Masters/M_Master_Toon_Universal.M_Master_Toon_Universal,OK,,,MID,,Live overrides present
/Game/EnvSandbox/Materials/Instances/Environment/PatternsExtra/MI_pattern_049,/Game/EnvSandbox/Materials/Masters/M_Master_Toon_Universal.M_Master_Toon_Universal,OK,,,MID,,Live overrides present
/Game/EnvSandbox/Materials/Instances/Environment/PatternsExtra/MI_pattern_050,/Game/EnvSandbox/Materials/Masters/M_Master_Toon_Universal.M_Master_Toon_Universal,OK,,,MID,,Live overrides present
/Game/EnvSandbox/Materials/Instances/Environment/PatternsExtra/MI_pattern_051,/Game/EnvSandbox/Materials/Masters/M_Master_Toon_Universal.M_Master_Toon_Universal,OK,,,MID,,Live overrides present
/Game/EnvSandbox/Materials/Instances/Environment/PatternsExtra/MI_pattern_052,/Game/EnvSandbox/Materials/Masters/M_Master_Toon_Universal.M_Master_Toon_Universal,OK,,,MID,,Live overrides present
/Game/EnvSandbox/Materials/Instances/Environment/PatternsExtra/MI_pattern_053,/Game/EnvSandbox/Materials/Masters/M_Master_Toon_Universal.M_Master_Toon_Universal,OK,,,MID,,Live overrides present
/Game/EnvSandbox/Materials/Instances/Environment/PatternsExtra/MI_pattern_054,/Game/EnvSandbox/Materials/Masters/M_Master_Toon_Universal.M_Master_Toon_Universal,OK,,,MID,,Live overrides present
/Game/EnvSandbox/Materials/Instances/Environment/PatternsExtra/MI_pattern_055,/Game/EnvSandbox/Materials/Masters/M_Master_Toon_Universal.M_Master_Toon_Universal,OK,,,MID,,Live overrides present
/Game/EnvSandbox/Materials/Instances/Environment/PatternsExtra/MI_pattern_056,/Game/EnvSandbox/Materials/Masters/M_Master_Toon_Universal.M_Master_Toon_Universal,OK,,,MID,,Live overrides present
/Game/EnvSandbox/Materials/Instances/Environment/PatternsExtra/MI_pattern_057,/Game/EnvSandbox/Materials/Masters/M_Master_Toon_Universal.M_Master_Toon_Universal,OK,,,MID,,Live overrides present
/Game/EnvSandbox/Materials/Instances/Environment/PatternsExtra/MI_pattern_058,/Game/EnvSandbox/Materials/Masters/M_Master_Toon_Universal.M_Master_Toon_Universal,OK,,,MID,,Live overrides present
/Game/EnvSandbox/Materials/Instances/Environment/PatternsExtra/MI_pattern_059,/Game/EnvSandbox/Materials/Masters/M_Master_Toon_Universal.M_Master_Toon_Universal,OK,,,MID,,Live overrides present
/Game/EnvSandbox/Materials/Instances/Environment/PatternsExtra/MI_pattern_060,/Game/EnvSandbox/Materials/Masters/M_Master_Toon_Universal.M_Master_Toon_Universal,OK,,,MID,,Live overrides present
/Game/EnvSandbox/Materials/Instances/Environment/PatternsExtra/MI_pattern_061,/Game/EnvSandbox/Materials/Masters/M_Master_Toon_Universal.M_Master_Toon_Universal,OK,,,MID,,Live overrides present
/Game/EnvSandbox/Materials/Instances/Environment/PatternsExtra/MI_pattern_062,/Game/EnvSandbox/Materials/Masters/M_Master_Toon_Universal.M_Master_Toon_Universal,OK,,,MID,,Live overrides present
/Game/EnvSandbox/Materials/Instances/Environment/PatternsExtra/MI_pattern_063,/Game/EnvSandbox/Materials/Masters/M_Master_Toon_Universal.M_Master_Toon_Universal,OK,,,MID,,Live overrides present
/Game/EnvSandbox/Materials/Instances/Environment/PatternsExtra/MI_pattern_064,/Game/EnvSandbox/Materials/Masters/M_Master_Toon_Universal.M_Master_Toon_Universal,OK,,,MID,,Live overrides present
/Game/EnvSandbox/Materials/Instances/Environment/PatternsExtra/MI_pattern_065,/Game/EnvSandbox/Materials/Masters/M_Master_Toon_Universal.M_Master_Toon_Universal,OK,,,MID,,Live overrides present
/Game/EnvSandbox/Materials/Instances/Environment/PatternsExtra/MI_pattern_066,/Game/EnvSandbox/Materials/Masters/M_Master_Toon_Universal.M_Master_Toon_Universal,OK,,,MID,,Live overrides present
/Game/EnvSandbox/Materials/Instances/Environment/PatternsExtra/MI_pattern_067,/Game/EnvSandbox/Materials/Masters/M_Master_Toon_Universal.M_Master_Toon_Universal,OK,,,MID,,Live overrides present
/Game/EnvSandbox/Materials/Instances/Environment/PatternsExtra/MI_pattern_068,/Game/EnvSandbox/Materials/Masters/M_Master_Toon_Universal.M_Master_Toon_Universal,OK,,,MID,,Live overrides present
/Game/EnvSandbox/Materials/Instances/Environment/PatternsExtra/MI_pattern_069,/Game/EnvSandbox/Materials/Masters/M_Master_Toon_Universal.M_Master_Toon_Universal,OK,,,MID,,Live overrides present
/Game/EnvSandbox/Materials/Instances/Environment/PatternsExtra/MI_pattern_070,/Game/EnvSandbox/Materials/Masters/M_Master_Toon_Universal.M_Master_Toon_Universal,OK,,,MID,,Live overrides present
/Game/EnvSandbox/Materials/Instances/Environment/PatternsExtra/MI_pattern_071,/Game/EnvSandbox/Materials/Masters/M_Master_Toon_Universal.M_Master_Toon_Universal,OK,,,MID,,Live overrides present
/Game/EnvSandbox/Materials/Instances/Environment/PatternsExtra/MI_pattern_072,/Game/EnvSandbox/Materials/Masters/M_Master_Toon_Universal.M_Master_Toon_Universal,OK,,,MID,,Live overrides present
/Game/EnvSandbox/Materials/Instances/Environment/PatternsExtra/MI_pattern_073,/Game/EnvSandbox/Materials/Masters/M_Master_Toon_Universal.M_Master_Toon_Universal,OK,,,MID,,Live overrides present
/Game/EnvSandbox/Materials/Instances/Environment/PatternsExtra/MI_pattern_074,/Game/EnvSandbox/Materials/Masters/M_Master_Toon_Universal.M_Master_Toon_Universal,OK,,,MID,,Live overrides present
/Game/EnvSandbox/Materials/Instances/Environment/PatternsExtra/MI_pattern_075,/Game/EnvSandbox/Materials/Masters/M_Master_Toon_Universal.M_Master_Toon_Universal,OK,,,MID,,Live overrides present
/Game/EnvSandbox/Materials/Instances/Environment/PatternsExtra/MI_pattern_076,/Game/EnvSandbox/Materials/Masters/M_Master_Toon_Universal.M_Master_Toon_Universal,OK,,,MID,,Live overrides present
/Game/EnvSandbox/Materials/Instances/Environment/PatternsExtra/MI_pattern_077,/Game/EnvSandbox/Materials/Masters/M_Master_Toon_Universal.M_Master_Toon_Universal,OK,,,MID,,Live overrides present
/Game/EnvSandbox/Materials/Instances/Environment/PatternsExtra/MI_pattern_078,/Game/EnvSandbox/Materials/Masters/M_Master_Toon_Universal.M_Master_Toon_Universal,OK,,,MID,,Live overrides present
/Game/EnvSandbox/Materials/Instances/Environment/PatternsExtra/MI_pattern_079,/Game/EnvSandbox/Materials/Masters/M_Master_Toon_Universal.M_Master_Toon_Universal,OK,,,MID,,Live overrides present
/Game/EnvSandbox/Materials/Instances/Environment/PatternsExtra/MI_pattern_080,/Game/EnvSandbox/Materials/Masters/M_Master_Toon_Universal.M_Master_Toon_Universal,OK,,,MID,,Live overrides present
/Game/EnvSandbox/Materials/Instances/Environment/PatternsExtra/MI_pattern_081,/Game/EnvSandbox/Materials/Masters/M_Master_Toon_Universal.M_Master_Toon_Universal,OK,,,MID,,Live overrides present
/Game/EnvSandbox/Materials/Instances/Environment/PatternsExtra/MI_pattern_082,/Game/EnvSandbox/Materials/Masters/M_Master_Toon_Universal.M_Master_Toon_Universal,OK,,,MID,,Live overrides present
/Game/EnvSandbox/Materials/Instances/Environment/PatternsExtra/MI_pattern_083,/Game/EnvSandbox/Materials/Masters/M_Master_Toon_Universal.M_Master_Toon_Universal,OK,,,MID,,Live overrides present
/Game/EnvSandbox/Materials/Instances/Environment/RetroTextures/MI_door_metal_frame,/Game/EnvSandbox/Materials/Masters/M_Master_Toon_Universal.M_Master_Toon_Universal,OK,,,MID,,Live overrides present
/Game/EnvSandbox/Materials/Instances/Environment/RetroTextures/MI_door_metal_gate,/Game/EnvSandbox/Materials/Masters/M_Master_Toon_Universal.M_Master_Toon_Universal,OK,,,MID,,Live overrides present
/Game/EnvSandbox/Materials/Instances/Environment/RetroTextures/MI_door_metal_gate_lock,/Game/EnvSandbox/Materials/Masters/M_Master_Toon_Universal.M_Master_Toon_Universal,OK,,,MID,,Live overrides present
/Game/EnvSandbox/Materials/Instances/Environment/RetroTextures/MI_door_wood,/Game/EnvSandbox/Materials/Masters/M_Master_Toon_Universal.M_Master_Toon_Universal,OK,,,MID,,Live overrides present
/Game/EnvSandbox/Materials/Instances/Environment/RetroTextures/MI_door_wood_frame,/Game/EnvSandbox/Materials/Masters/M_Master_Toon_Universal.M_Master_Toon_Universal,OK,,,MID,,Live overrides present
/Game/EnvSandbox/Materials/Instances/Environment/RetroTextures/MI_door_wood_handle,/Game/EnvSandbox/Materials/Masters/M_Master_Toon_Universal.M_Master_Toon_Universal,OK,,,MID,,Live overrides present
/Game/EnvSandbox/Materials/Instances/Environment/RetroTextures/MI_door_wood_window,/Game/EnvSandbox/Materials/Masters/M_Master_Toon_Universal.M_Master_Toon_Universal,OK,,,MID,,Live overrides present
/Game/EnvSandbox/Materials/Instances/Environment/RetroTextures/MI_door_wood_window_lit,/Game/EnvSandbox/Materials/Masters/M_Master_Toon_Universal.M_Master_Toon_Universal,OK,,,MID,,Live overrides present
/Game/EnvSandbox/Materials/Instances/Environment/RetroTextures/MI_floor_ground_dirt,/Game/EnvSandbox/Materials/Masters/M_Master_Toon_Universal.M_Master_Toon_Universal,OK,,,MID,,Live overrides present
/Game/EnvSandbox/Materials/Instances/Environment/RetroTextures/MI_floor_ground_grass,/Game/EnvSandbox/Materials/Masters/M_Master_Toon_Universal.M_Master_Toon_Universal,OK,,,MID,,Live overrides present
/Game/EnvSandbox/Materials/Instances/Environment/RetroTextures/MI_floor_ground_grass_overlay,/Game/EnvSandbox/Materials/Masters/M_Master_Toon_Universal.M_Master_Toon_Universal,OK,,,MID,,Live overrides present
/Game/EnvSandbox/Materials/Instances/Environment/RetroTextures/MI_floor_ground_sand,/Game/EnvSandbox/Materials/Masters/M_Master_Toon_Universal.M_Master_Toon_Universal,OK,,,MID,,Live overrides present
/Game/EnvSandbox/Materials/Instances/Environment/RetroTextures/MI_floor_ground_water,/Game/EnvSandbox/Materials/Masters/M_Master_Toon_Universal.M_Master_Toon_Universal,OK,,,MID,,Live overrides present
/Game/EnvSandbox/Materials/Instances/Environment/RetroTextures/MI_floor_ground_water_green,/Game/EnvSandbox/Materials/Masters/M_Master_Toon_Universal.M_Master_Toon_Universal,OK,,,MID,,Live overrides present
/Game/EnvSandbox/Materials/Instances/Environment/RetroTextures/MI_floor_stone,/Game/EnvSandbox/Materials/Masters/M_Master_Toon_Universal.M_Master_Toon_Universal,OK,,,MID,,Live overrides present
/Game/EnvSandbox/Materials/Instances/Environment/RetroTextures/MI_floor_stone_grate,/Game/EnvSandbox/Materials/Masters/M_Master_Toon_Universal.M_Master_Toon_Universal,OK,,,MID,,Live overrides present
/Game/EnvSandbox/Materials/Instances/Environment/RetroTextures/MI_floor_stone_pattern,/Game/EnvSandbox/Materials/Masters/M_Master_Toon_Universal.M_Master_Toon_Universal,OK,,,MID,,Live overrides present
/Game/EnvSandbox/Materials/Instances/Environment/RetroTextures/MI_floor_stone_pattern_depth,/Game/EnvSandbox/Materials/Masters/M_Master_Toon_Universal.M_Master_Toon_Universal,OK,,,MID,,Live overrides present
/Game/EnvSandbox/Materials/Instances/Environment/RetroTextures/MI_floor_stone_pattern_small,/Game/EnvSandbox/Materials/Masters/M_Master_Toon_Universal.M_Master_Toon_Universal,OK,,,MID,,Live overrides present
/Game/EnvSandbox/Materials/Instances/Environment/RetroTextures/MI_floor_stone_pattern_small_depth,/Game/EnvSandbox/Materials/Masters/M_Master_Toon_Universal.M_Master_Toon_Universal,OK,,,MID,,Live overrides present
/Game/EnvSandbox/Materials/Instances/Environment/RetroTextures/MI_floor_stone_sand_grate,/Game/EnvSandbox/Materials/Masters/M_Master_Toon_Universal.M_Master_Toon_Universal,OK,,,MID,,Live overrides present
/Game/EnvSandbox/Materials/Instances/Environment/RetroTextures/MI_floor_stone_sand_inset,/Game/EnvSandbox/Materials/Masters/M_Master_Toon_Universal.M_Master_Toon_Universal,OK,,,MID,,Live overrides present
/Game/EnvSandbox/Materials/Instances/Environment/RetroTextures/MI_floor_stone_sand_random,/Game/EnvSandbox/Materials/Masters/M_Master_Toon_Universal.M_Master_Toon_Universal,OK,,,MID,,Live overrides present
/Game/EnvSandbox/Materials/Instances/Environment/RetroTextures/MI_floor_stone_sand_random_depth,/Game/EnvSandbox/Materials/Masters/M_Master_Toon_Universal.M_Master_Toon_Universal,OK,,,MID,,Live overrides present
/Game/EnvSandbox/Materials/Instances/Environment/RetroTextures/MI_floor_stone_sand_trimsheet,/Game/EnvSandbox/Materials/Masters/M_Master_Toon_Universal.M_Master_Toon_Universal,OK,,,MID,,Live overrides present
/Game/EnvSandbox/Materials/Instances/Environment/RetroTextures/MI_floor_stone_trimsheet,/Game/EnvSandbox/Materials/Masters/M_Master_Toon_Universal.M_Master_Toon_Universal,OK,,,MID,,Live overrides present
/Game/EnvSandbox/Materials/Instances/Environment/RetroTextures/MI_floor_tiles_blue_large,/Game/EnvSandbox/Materials/Masters/M_Master_Toon_Universal.M_Master_Toon_Universal,OK,,,MID,,Live overrides present
/Game/EnvSandbox/Materials/Instances/Environment/RetroTextures/MI_floor_tiles_blue_small,/Game/EnvSandbox/Materials/Masters/M_Master_Toon_Universal.M_Master_Toon_Universal,OK,,,MID,,Live overrides present
/Game/EnvSandbox/Materials/Instances/Environment/RetroTextures/MI_floor_tiles_blue_small_damaged,/Game/EnvSandbox/Materials/Masters/M_Master_Toon_Universal.M_Master_Toon_Universal,OK,,,MID,,Live overrides present
/Game/EnvSandbox/Materials/Instances/Environment/RetroTextures/MI_floor_tiles_sand_large,/Game/EnvSandbox/Materials/Masters/M_Master_Toon_Universal.M_Master_Toon_Universal,OK,,,MID,,Live overrides present
/Game/EnvSandbox/Materials/Instances/Environment/RetroTextures/MI_floor_tiles_sand_small,/Game/EnvSandbox/Materials/Masters/M_Master_Toon_Universal.M_Master_Toon_Universal,OK,,,MID,,Live overrides present
/Game/EnvSandbox/Materials/Instances/Environment/RetroTextures/MI_floor_tiles_sand_small_damaged,/Game/EnvSandbox/Materials/Masters/M_Master_Toon_Universal.M_Master_Toon_Universal,OK,,,MID,,Live overrides present
/Game/EnvSandbox/Materials/Instances/Environment/RetroTextures/MI_floor_tiles_tan_large,/Game/EnvSandbox/Materials/Masters/M_Master_Toon_Universal.M_Master_Toon_Universal,OK,,,MID,,Live overrides present
/Game/EnvSandbox/Materials/Instances/Environment/RetroTextures/MI_floor_tiles_tan_small,/Game/EnvSandbox/Materials/Masters/M_Master_Toon_Universal.M_Master_Toon_Universal,OK,,,MID,,Live overrides present
/Game/EnvSandbox/Materials/Instances/Environment/RetroTextures/MI_floor_tiles_tan_small_damaged,/Game/EnvSandbox/Materials/Masters/M_Master_Toon_Universal.M_Master_Toon_Universal,OK,,,MID,,Live overrides present
/Game/EnvSandbox/Materials/Instances/Environment/RetroTextures/MI_floor_wood_planks,/Game/EnvSandbox/Materials/Masters/M_Master_Toon_Universal.M_Master_Toon_Universal,OK,,,MID,,Live overrides present
/Game/EnvSandbox/Materials/Instances/Environment/RetroTextures/MI_floor_wood_planks_damaged,/Game/EnvSandbox/Materials/Masters/M_Master_Toon_Universal.M_Master_Toon_Universal,OK,,,MID,,Live overrides present
/Game/EnvSandbox/Materials/Instances/Environment/RetroTextures/MI_floor_wood_planks_depth,/Game/EnvSandbox/Materials/Masters/M_Master_Toon_Universal.M_Master_Toon_Universal,OK,,,MID,,Live overrides present
/Game/EnvSandbox/Materials/Instances/Environment/RetroTextures/MI_floor_wood_planks_wide,/Game/EnvSandbox/Materials/Masters/M_Master_Toon_Universal.M_Master_Toon_Universal,OK,,,MID,,Live overrides present
/Game/EnvSandbox/Materials/Instances/Environment/RetroTextures/MI_floor_wood_planks_wide_damaged,/Game/EnvSandbox/Materials/Masters/M_Master_Toon_Universal.M_Master_Toon_Universal,OK,,,MID,,Live overrides present
/Game/EnvSandbox/Materials/Instances/Environment/RetroTextures/MI_floor_wood_planks_wide_depth,/Game/EnvSandbox/Materials/Masters/M_Master_Toon_Universal.M_Master_Toon_Universal,OK,,,MID,,Live overrides present
/Game/EnvSandbox/Materials/Instances/Environment/RetroTextures/MI_roof_clay_grey_bottom,/Game/EnvSandbox/Materials/Masters/M_Master_Toon_Universal.M_Master_Toon_Universal,OK,,,MID,,Live overrides present
/Game/EnvSandbox/Materials/Instances/Environment/RetroTextures/MI_roof_clay_grey_center,/Game/EnvSandbox/Materials/Masters/M_Master_Toon_Universal.M_Master_Toon_Universal,OK,,,MID,,Live overrides present
/Game/EnvSandbox/Materials/Instances/Environment/RetroTextures/MI_roof_clay_grey_top,/Game/EnvSandbox/Materials/Masters/M_Master_Toon_Universal.M_Master_Toon_Universal,OK,,,MID,,Live overrides present
/Game/EnvSandbox/Materials/Instances/Environment/RetroTextures/MI_roof_clay_red_bottom,/Game/EnvSandbox/Materials/Masters/M_Master_Toon_Universal.M_Master_Toon_Universal,OK,,,MID,,Live overrides present
/Game/EnvSandbox/Materials/Instances/Environment/RetroTextures/MI_roof_clay_red_center,/Game/EnvSandbox/Materials/Masters/M_Master_Toon_Universal.M_Master_Toon_Universal,OK,,,MID,,Live overrides present
/Game/EnvSandbox/Materials/Instances/Environment/RetroTextures/MI_roof_clay_red_top,/Game/EnvSandbox/Materials/Masters/M_Master_Toon_Universal.M_Master_Toon_Universal,OK,,,MID,,Live overrides present
/Game/EnvSandbox/Materials/Instances/Environment/RetroTextures/MI_roof_thatch_bottom,/Game/EnvSandbox/Materials/Masters/M_Master_Toon_Universal.M_Master_Toon_Universal,OK,,,MID,,Live overrides present
/Game/EnvSandbox/Materials/Instances/Environment/RetroTextures/MI_roof_thatch_center,/Game/EnvSandbox/Materials/Masters/M_Master_Toon_Universal.M_Master_Toon_Universal,OK,,,MID,,Live overrides present
/Game/EnvSandbox/Materials/Instances/Environment/RetroTextures/MI_roof_thatch_top,/Game/EnvSandbox/Materials/Masters/M_Master_Toon_Universal.M_Master_Toon_Universal,OK,,,MID,,Live overrides present
/Game/EnvSandbox/Materials/Instances/Environment/RetroTextures/MI_timber_square_clay,/Game/EnvSandbox/Materials/Masters/M_Master_Toon_Universal.M_Master_Toon_Universal,OK,,,MID,,Live overrides present
/Game/EnvSandbox/Materials/Instances/Environment/RetroTextures/MI_timber_square_clay_diagonal,/Game/EnvSandbox/Materials/Masters/M_Master_Toon_Universal.M_Master_Toon_Universal,OK,,,MID,,Live overrides present
/Game/EnvSandbox/Materials/Instances/Environment/RetroTextures/MI_timber_square_frame,/Game/EnvSandbox/Materials/Masters/M_Master_Toon_Universal.M_Master_Toon_Universal,OK,,,MID,,Live overrides present
/Game/EnvSandbox/Materials/Instances/Environment/RetroTextures/MI_timber_square_frame_diagonal,/Game/EnvSandbox/Materials/Masters/M_Master_Toon_Universal.M_Master_Toon_Universal,OK,,,MID,,Live overrides present
/Game/EnvSandbox/Materials/Instances/Environment/RetroTextures/MI_timber_square_planks,/Game/EnvSandbox/Materials/Masters/M_Master_Toon_Universal.M_Master_Toon_Universal,OK,,,MID,,Live overrides present
/Game/EnvSandbox/Materials/Instances/Environment/RetroTextures/MI_timber_square_planks_boarded,/Game/EnvSandbox/Materials/Masters/M_Master_Toon_Universal.M_Master_Toon_Universal,OK,,,MID,,Live overrides present
/Game/EnvSandbox/Materials/Instances/Environment/RetroTextures/MI_timber_square_planks_cross,/Game/EnvSandbox/Materials/Masters/M_Master_Toon_Universal.M_Master_Toon_Universal,OK,,,MID,,Live overrides present
/Game/EnvSandbox/Materials/Instances/Environment/RetroTextures/MI_timber_square_planks_diagonal,/Game/EnvSandbox/Materials/Masters/M_Master_Toon_Universal.M_Master_Toon_Universal,OK,,,MID,,Live overrides present
/Game/EnvSandbox/Materials/Instances/Environment/RetroTextures/MI_wall_brick_sand_both,/Game/EnvSandbox/Materials/Masters/M_Master_Toon_Universal.M_Master_Toon_Universal,OK,,,MID,,Live overrides present
/Game/EnvSandbox/Materials/Instances/Environment/RetroTextures/MI_wall_brick_sand_center,/Game/EnvSandbox/Materials/Masters/M_Master_Toon_Universal.M_Master_Toon_Universal,OK,,,MID,,Live overrides present
/Game/EnvSandbox/Materials/Instances/Environment/RetroTextures/MI_wall_brick_sand_center_banner,/Game/EnvSandbox/Materials/Masters/M_Master_Toon_Universal.M_Master_Toon_Universal,OK,,,MID,,Live overrides present
/Game/EnvSandbox/Materials/Instances/Environment/RetroTextures/MI_wall_brick_sand_center_depth,/Game/EnvSandbox/Materials/Masters/M_Master_Toon_Universal.M_Master_Toon_Universal,OK,,,MID,,Live overrides present
/Game/EnvSandbox/Materials/Instances/Environment/RetroTextures/MI_wall_brick_sand_left,/Game/EnvSandbox/Materials/Masters/M_Master_Toon_Universal.M_Master_Toon_Universal,OK,,,MID,,Live overrides present
/Game/EnvSandbox/Materials/Instances/Environment/RetroTextures/MI_wall_brick_sand_right,/Game/EnvSandbox/Materials/Masters/M_Master_Toon_Universal.M_Master_Toon_Universal,OK,,,MID,,Live overrides present
/Game/EnvSandbox/Materials/Instances/Environment/RetroTextures/MI_wall_brick_small_sand,/Game/EnvSandbox/Materials/Masters/M_Master_Toon_Universal.M_Master_Toon_Universal,OK,,,MID,,Live overrides present
/Game/EnvSandbox/Materials/Instances/Environment/RetroTextures/MI_wall_brick_small_sand_depth,/Game/EnvSandbox/Materials/Masters/M_Master_Toon_Universal.M_Master_Toon_Universal,OK,,,MID,,Live overrides present
/Game/EnvSandbox/Materials/Instances/Environment/RetroTextures/MI_wall_brick_small_stone,/Game/EnvSandbox/Materials/Masters/M_Master_Toon_Universal.M_Master_Toon_Universal,OK,,,MID,,Live overrides present
/Game/EnvSandbox/Materials/Instances/Environment/RetroTextures/MI_wall_brick_small_stone_depth,/Game/EnvSandbox/Materials/Masters/M_Master_Toon_Universal.M_Master_Toon_Universal,OK,,,MID,,Live overrides present
/Game/EnvSandbox/Materials/Instances/Environment/RetroTextures/MI_wall_brick_stone_both,/Game/EnvSandbox/Materials/Masters/M_Master_Toon_Universal.M_Master_Toon_Universal,OK,,,MID,,Live overrides present
/Game/EnvSandbox/Materials/Instances/Environment/RetroTextures/MI_wall_brick_stone_center,/Game/EnvSandbox/Materials/Masters/M_Master_Toon_Universal.M_Master_Toon_Universal,OK,,,MID,,Live overrides present
/Game/EnvSandbox/Materials/Instances/Environment/RetroTextures/MI_wall_brick_stone_center_banner,/Game/EnvSandbox/Materials/Masters/M_Master_Toon_Universal.M_Master_Toon_Universal,OK,,,MID,,Live overrides present
/Game/EnvSandbox/Materials/Instances/Environment/RetroTextures/MI_wall_brick_stone_center_depth,/Game/EnvSandbox/Materials/Masters/M_Master_Toon_Universal.M_Master_Toon_Universal,OK,,,MID,,Live overrides present
/Game/EnvSandbox/Materials/Instances/Environment/RetroTextures/MI_wall_brick_stone_left,/Game/EnvSandbox/Materials/Masters/M_Master_Toon_Universal.M_Master_Toon_Universal,OK,,,MID,,Live overrides present
/Game/EnvSandbox/Materials/Instances/Environment/RetroTextures/MI_wall_brick_stone_right,/Game/EnvSandbox/Materials/Masters/M_Master_Toon_Universal.M_Master_Toon_Universal,OK,,,MID,,Live overrides present
/Game/EnvSandbox/Materials/Instances/Environment/RetroTextures/MI_wall_rock,/Game/EnvSandbox/Materials/Masters/M_Master_Toon_Universal.M_Master_Toon_Universal,OK,,,MID,,Live overrides present
/Game/EnvSandbox/Materials/Instances/Environment/RetroTextures/MI_wall_rock_structure,/Game/EnvSandbox/Materials/Masters/M_Master_Toon_Universal.M_Master_Toon_Universal,OK,,,MID,,Live overrides present
/Game/EnvSandbox/Materials/Instances/Environment/RetroTextures/MI_wall_stone,/Game/EnvSandbox/Materials/Masters/M_Master_Toon_Universal.M_Master_Toon_Universal,OK,,,MID,,Live overrides present
/Game/EnvSandbox/Materials/Instances/Environment/RetroTextures/MI_wall_stone_depth,/Game/EnvSandbox/Materials/Masters/M_Master_Toon_Universal.M_Master_Toon_Universal,OK,,,MID,,Live overrides present
/Game/EnvSandbox/Materials/Instances/Environment/RetroTextures/MI_wall_timber,/Game/EnvSandbox/Materials/Masters/M_Master_Toon_Universal.M_Master_Toon_Universal,OK,,,MID,,Live overrides present
/Game/EnvSandbox/Materials/Instances/Environment/RetroTextures/MI_wall_timber_structure,/Game/EnvSandbox/Materials/Masters/M_Master_Toon_Universal.M_Master_Toon_Universal,OK,,,MID,,Live overrides present
/Game/EnvSandbox/Materials/Instances/Environment/RetroTextures/MI_wall_timber_structure_cross,/Game/EnvSandbox/Materials/Masters/M_Master_Toon_Universal.M_Master_Toon_Universal,OK,,,MID,,Live overrides present
/Game/EnvSandbox/Materials/Instances/Environment/RetroTextures/MI_wall_timber_structure_diagonal,/Game/EnvSandbox/Materials/Masters/M_Master_Toon_Universal.M_Master_Toon_Universal,OK,,,MID,,Live overrides present
/Game/EnvSandbox/Materials/Instances/Environment/RetroTextures/MI_wall_timber_structure_horizontal,/Game/EnvSandbox/Materials/Masters/M_Master_Toon_Universal.M_Master_Toon_Universal,OK,,,MID,,Live overrides present
/Game/EnvSandbox/Materials/Instances/Environment/RetroTextures/MI_wall_timber_structure_vertical,/Game/EnvSandbox/Materials/Masters/M_Master_Toon_Universal.M_Master_Toon_Universal,OK,,,MID,,Live overrides present
/Game/EnvSandbox/Materials/Instances/Environment/RetroTextures/MI_wall_wood_trimsheet,/Game/EnvSandbox/Materials/Masters/M_Master_Toon_Universal.M_Master_Toon_Universal,OK,,,MID,,Live overrides present
/Game/EnvSandbox/Materials/Instances/Environment/RetroTextures/MI_window_round_divided,/Game/EnvSandbox/Materials/Masters/M_Master_Toon_Universal.M_Master_Toon_Universal,OK,,,MID,,Live overrides present
/Game/EnvSandbox/Materials/Instances/Environment/RetroTextures/MI_window_round_divided_boarded,/Game/EnvSandbox/Materials/Masters/M_Master_Toon_Universal.M_Master_Toon_Universal,OK,,,MID,,Live overrides present
/Game/EnvSandbox/Materials/Instances/Environment/RetroTextures/MI_window_round_divided_lit,/Game/EnvSandbox/Materials/Masters/M_Master_Toon_Universal.M_Master_Toon_Universal,OK,,,MID,,Live overrides present
/Game/EnvSandbox/Materials/Instances/Environment/RetroTextures/MI_window_round_pane,/Game/EnvSandbox/Materials/Masters/M_Master_Toon_Universal.M_Master_Toon_Universal,OK,,,MID,,Live overrides present
/Game/EnvSandbox/Materials/Instances/Environment/RetroTextures/MI_window_round_pane_boarded,/Game/EnvSandbox/Materials/Masters/M_Master_Toon_Universal.M_Master_Toon_Universal,OK,,,MID,,Live overrides present
/Game/EnvSandbox/Materials/Instances/Environment/RetroTextures/MI_window_round_pane_lit,/Game/EnvSandbox/Materials/Masters/M_Master_Toon_Universal.M_Master_Toon_Universal,OK,,,MID,,Live overrides present
/Game/EnvSandbox/Materials/Instances/Environment/RetroTextures/MI_window_square_closed,/Game/EnvSandbox/Materials/Masters/M_Master_Toon_Universal.M_Master_Toon_Universal,OK,,,MID,,Live overrides present
/Game/EnvSandbox/Materials/Instances/Environment/RetroTextures/MI_window_square_divided,/Game/EnvSandbox/Materials/Masters/M_Master_Toon_Universal.M_Master_Toon_Universal,OK,,,MID,,Live overrides present
/Game/EnvSandbox/Materials/Instances/Environment/RetroTextures/MI_window_square_divided_boarded,/Game/EnvSandbox/Materials/Masters/M_Master_Toon_Universal.M_Master_Toon_Universal,OK,,,MID,,Live overrides present
/Game/EnvSandbox/Materials/Instances/Environment/RetroTextures/MI_window_square_divided_lit,/Game/EnvSandbox/Materials/Masters/M_Master_Toon_Universal.M_Master_Toon_Universal,OK,,,MID,,Live overrides present
/Game/EnvSandbox/Materials/Instances/Environment/RetroTextures/MI_window_square_frame,/Game/EnvSandbox/Materials/Masters/M_Master_Toon_Universal.M_Master_Toon_Universal,OK,,,MID,,Live overrides present
/Game/EnvSandbox/Materials/Instances/Environment/RetroTextures/MI_window_square_horizontal,/Game/EnvSandbox/Materials/Masters/M_Master_Toon_Universal.M_Master_Toon_Universal,OK,,,MID,,Live overrides present
/Game/EnvSandbox/Materials/Instances/Environment/RetroTextures/MI_window_square_horizontal_boarded,/Game/EnvSandbox/Materials/Masters/M_Master_Toon_Universal.M_Master_Toon_Universal,OK,,,MID,,Live overrides present
/Game/EnvSandbox/Materials/Instances/Environment/RetroTextures/MI_window_square_horizontal_lit,/Game/EnvSandbox/Materials/Masters/M_Master_Toon_Universal.M_Master_Toon_Universal,OK,,,MID,,Live overrides present
/Game/EnvSandbox/Materials/Instances/Environment/RetroTextures/MI_window_square_metal,/Game/EnvSandbox/Materials/Masters/M_Master_Toon_Universal.M_Master_Toon_Universal,OK,,,MID,,Live overrides present
/Game/EnvSandbox/Materials/Instances/Environment/RetroTextures/MI_window_square_metal_fortified,/Game/EnvSandbox/Materials/Masters/M_Master_Toon_Universal.M_Master_Toon_Universal,OK,,,MID,,Live overrides present
/Game/EnvSandbox/Materials/Instances/Environment/RetroTextures/MI_window_square_pane,/Game/EnvSandbox/Materials/Masters/M_Master_Toon_Universal.M_Master_Toon_Universal,OK,,,MID,,Live overrides present
/Game/EnvSandbox/Materials/Instances/Environment/RetroTextures/MI_window_square_pane_boarded,/Game/EnvSandbox/Materials/Masters/M_Master_Toon_Universal.M_Master_Toon_Universal,OK,,,MID,,Live overrides present
/Game/EnvSandbox/Materials/Instances/Environment/RetroTextures/MI_window_square_pane_lit,/Game/EnvSandbox/Materials/Masters/M_Master_Toon_Universal.M_Master_Toon_Universal,OK,,,MID,,Live overrides present
/Game/EnvSandbox/Materials/Instances/Environment/RetroTextures/MI_window_square_vertical,/Game/EnvSandbox/Materials/Masters/M_Master_Toon_Universal.M_Master_Toon_Universal,OK,,,MID,,Live overrides present
/Game/EnvSandbox/Materials/Instances/Environment/RetroTextures/MI_window_square_vertical_boarded,/Game/EnvSandbox/Materials/Masters/M_Master_Toon_Universal.M_Master_Toon_Universal,OK,,,MID,,Live overrides present
/Game/EnvSandbox/Materials/Instances/Environment/RetroTextures/MI_window_square_vertical_lit,/Game/EnvSandbox/Materials/Masters/M_Master_Toon_Universal.M_Master_Toon_Universal,OK,,,MID,,Live overrides present
/Game/EnvSandbox/Materials/Instances/Environment/RetroTextures/MI_window_tall_divided,/Game/EnvSandbox/Materials/Masters/M_Master_Toon_Universal.M_Master_Toon_Universal,OK,,,MID,,Live overrides present
/Game/EnvSandbox/Materials/Instances/Environment/RetroTextures/MI_window_tall_divided_damaged,/Game/EnvSandbox/Materials/Masters/M_Master_Toon_Universal.M_Master_Toon_Universal,OK,,,MID,,Live overrides present
/Game/EnvSandbox/Materials/Instances/Environment/RetroTextures/MI_window_tall_divided_lit,/Game/EnvSandbox/Materials/Masters/M_Master_Toon_Universal.M_Master_Toon_Universal,OK,,,MID,,Live overrides present
/Game/EnvSandbox/Materials/Instances/Environment/RetroTextures/MI_window_tall_pane,/Game/EnvSandbox/Materials/Masters/M_Master_Toon_Universal.M_Master_Toon_Universal,OK,,,MID,,Live overrides present
/Game/EnvSandbox/Materials/Instances/Environment/RetroTextures/MI_window_tall_pane_lit,/Game/EnvSandbox/Materials/Masters/M_Master_Toon_Universal.M_Master_Toon_Universal,OK,,,MID,,Live overrides present
/Game/EnvSandbox/Materials/Instances/Environment/RetroTextures/MI_window_tall_rounded,/Game/EnvSandbox/Materials/Masters/M_Master_Toon_Universal.M_Master_Toon_Universal,OK,,,MID,,Live overrides present
/Game/EnvSandbox/Materials/Instances/Environment/RetroTextures/MI_window_tall_rounded_damaged,/Game/EnvSandbox/Materials/Masters/M_Master_Toon_Universal.M_Master_Toon_Universal,OK,,,MID,,Live overrides present
/Game/EnvSandbox/Materials/Instances/Environment/RetroTextures/MI_window_tall_rounded_lit,/Game/EnvSandbox/Materials/Masters/M_Master_Toon_Universal.M_Master_Toon_Universal,OK,,,MID,,Live overrides present
/Game/EnvSandbox/Materials/Instances/Environment/RetroTextures/MI_window_tall_vertical,/Game/EnvSandbox/Materials/Masters/M_Master_Toon_Universal.M_Master_Toon_Universal,OK,,,MID,,Live overrides present
/Game/EnvSandbox/Materials/Instances/Environment/RetroTextures/MI_window_tall_vertical_lit,/Game/EnvSandbox/Materials/Masters/M_Master_Toon_Universal.M_Master_Toon_Universal,OK,,,MID,,Live overrides present
/Game/EnvSandbox/Materials/Instances/Environment/Stylized/MI_T_FloralBrickGrayScale,/Game/EnvSandbox/Materials/Masters/M_Master_Toon_Universal.M_Master_Toon_Universal,DEAD-OVERRIDE,BaseColor; Height; Normal,Albedo,MID,,Dead overrides may cause unpredictable shading: BaseColor; Height; Normal
/Game/EnvSandbox/Materials/Instances/Environment/Stylized/MI_Trimsheet_HeavyWear,/Game/EnvSandbox/Materials/Masters/M_Master_Toon_Universal.M_Master_Toon_Universal,DEAD-OVERRIDE,ParallaxMode; ParallaxSteps; RefractionDepthBias; TrimVariant_A_BaseColor; TrimVariant_A_Metallic; TrimVariant_A_Normal; TrimVariant_A_Roughness,,MID,,Dead overrides may cause unpredictable shading: ParallaxMode; ParallaxSteps; RefractionDepthBias; TrimVarian
/Game/EnvSandbox/Materials/Instances/Environment/Stylized/MI_Trimsheet_ParallaxPOM,/Game/EnvSandbox/Materials/Masters/M_Master_Toon_Universal.M_Master_Toon_Universal,DEAD-OVERRIDE,ParallaxMode; ParallaxSteps,,MID,,Dead overrides may cause unpredictable shading: ParallaxMode; ParallaxSteps
/Game/EnvSandbox/Materials/Instances/Environment/Stylized/MI_Trimsheet_VariationCracks,/Game/EnvSandbox/Materials/Masters/M_Master_Toon_Universal.M_Master_Toon_Universal,DEAD-OVERRIDE,ParallaxMode; ParallaxSteps,,MID,,Dead overrides may cause unpredictable shading: ParallaxMode; ParallaxSteps
/Game/EnvSandbox/Materials/Instances/Environment/Stylized/MI_Universal_AnimeCel,/Game/EnvSandbox/Materials/Masters/M_Master_Toon_Universal.M_Master_Toon_Universal,OK,,,MID,,Live overrides present
/Game/EnvSandbox/Materials/Instances/Environment/Stylized/MI_Universal_TrimsheetBlend,/Game/EnvSandbox/Materials/Masters/M_Master_Toon_Universal.M_Master_Toon_Universal,DEAD-OVERRIDE,ParallaxMode; ParallaxSteps,,MID,,Dead overrides may cause unpredictable shading: ParallaxMode; ParallaxSteps
/Game/EnvSandbox/Materials/Instances/Environment/Stylized/MI_ZenTrim_Base4K,/Game/EnvSandbox/Materials/Masters/M_Master_Toon_Universal.M_Master_Toon_Universal,OK,,,MID,,Live overrides present
/Game/EnvSandbox/Materials/Instances/Environment/Stylized/MI_ZenTrim_ColourShift,/Game/EnvSandbox/Materials/Masters/M_Master_Toon_Universal.M_Master_Toon_Universal,DEAD-OVERRIDE,RefractionDepthBias,,MID,,Dead overrides may cause unpredictable shading: RefractionDepthBias
/Game/EnvSandbox/Materials/Instances/Environment/Stylized/MI_ZenTrim_CrackedToHell,/Game/EnvSandbox/Materials/Masters/M_Master_Toon_Universal.M_Master_Toon_Universal,DEAD-OVERRIDE,BaseColor; Normal,Albedo,MID,,Dead overrides may cause unpredictable shading: BaseColor; Normal
/Game/EnvSandbox/Materials/Instances/Environment/Stylized/MI_ZenTrim_FlowersLIttleBit,/Game/EnvSandbox/Materials/Masters/M_Master_Toon_Universal.M_Master_Toon_Universal,DEAD-OVERRIDE,BaseColor; Normal,Albedo,MID,,Dead overrides may cause unpredictable shading: BaseColor; Normal
/Game/EnvSandbox/Materials/Instances/Environment/Stylized/MI_ZenTrim_FlowersLittle,/Game/EnvSandbox/Materials/Masters/M_Master_Toon_Universal.M_Master_Toon_Universal,DEAD-OVERRIDE,RefractionDepthBias,,MID,,Dead overrides may cause unpredictable shading: RefractionDepthBias
/Game/EnvSandbox/Materials/Instances/Environment/Stylized/MI_ZenTrim_FlowersLots,/Game/EnvSandbox/Materials/Masters/M_Master_Toon_Universal.M_Master_Toon_Universal,DEAD-OVERRIDE,RefractionDepthBias,,MID,,Dead overrides may cause unpredictable shading: RefractionDepthBias
/Game/EnvSandbox/Materials/Instances/Environment/Stylized/MI_ZenTrim_FlowersMid,/Game/EnvSandbox/Materials/Masters/M_Master_Toon_Universal.M_Master_Toon_Universal,OK,,,MID,,Live overrides present
/Game/EnvSandbox/Materials/Instances/Environment/Stylized/MI_ZenTrim_Wet,/Game/EnvSandbox/Materials/Masters/M_Master_Toon_Universal.M_Master_Toon_Universal,DEAD-OVERRIDE,Wetness,,MID,,Dead overrides may cause unpredictable shading: Wetness
/Game/EnvSandbox/Materials/Instances/Environment/Stylized/MI_basetrim,/Game/EnvSandbox/Materials/Masters/M_Master_Toon_Universal.M_Master_Toon_Universal,OK,,,MID,,Live overrides present
/Game/EnvSandbox/Materials/Instances/Environment/Stylized/MI_concretetrim,/Game/EnvSandbox/Materials/Masters/M_Master_Toon_Universal.M_Master_Toon_Universal,OK,,,MID,,Live overrides present
/Game/EnvSandbox/Materials/Instances/Environment/Stylized/MI_landscape_grass,/Game/EnvSandbox/Materials/Masters/M_Master_Toon_Universal.M_Master_Toon_Universal,OK,,,MID,,Live overrides present
/Game/EnvSandbox/Materials/Instances/Environment/Stylized/MI_landscapegrayscale,/Game/EnvSandbox/Materials/Masters/M_Master_Toon_Universal.M_Master_Toon_Universal,DEAD-OVERRIDE,BaseColor; Height; Normal,Albedo,MID,,Dead overrides may cause unpredictable shading: BaseColor; Height; Normal
/Game/EnvSandbox/Materials/Instances/Environment/Triplanar/MI_Triplanar_CliffWarm,/Game/EnvSandbox/Materials/Masters/M_Master_Toon_Universal.M_Master_Toon_Universal,DEAD-OVERRIDE,RefractionDepthBias,,MID,,Dead overrides may cause unpredictable shading: RefractionDepthBias
/Game/EnvSandbox/Materials/Instances/Environment/Triplanar/MI_Triplanar_MossStone,/Game/EnvSandbox/Materials/Masters/M_Master_Toon_Universal.M_Master_Toon_Universal,DEAD-OVERRIDE,RefractionDepthBias,,MID,,Dead overrides may cause unpredictable shading: RefractionDepthBias
/Game/EnvSandbox/Materials/Instances/Environment/Triplanar/MI_Triplanar_SandSoft,/Game/EnvSandbox/Materials/Masters/M_Master_Toon_Universal.M_Master_Toon_Universal,OK,,,MID,,Live overrides present
/Game/EnvSandbox/Materials/Instances/Environment/Triplanar/MI_Universal_TriplanarCliff,/Game/EnvSandbox/Materials/Masters/M_Master_Toon_Universal.M_Master_Toon_Universal,DEAD-OVERRIDE,RefractionDepthBias,,MID,,Dead overrides may cause unpredictable shading: RefractionDepthBias
/Game/EnvSandbox/Materials/Instances/Environment/World/MI_Universal_MossStone,/Game/EnvSandbox/Materials/Masters/M_Master_Toon_Universal.M_Master_Toon_Universal,OK,,,MID,,Live overrides present
/Game/EnvSandbox/Materials/Instances/Environment/Zen/MI_Zen_BambooMist,/Game/EnvSandbox/Materials/Masters/M_Master_Toon_Universal.M_Master_Toon_Universal,OK,,,MID,,Live overrides present
/Game/EnvSandbox/Materials/Instances/Environment/Zen/MI_Zen_BambooWood,/Game/EnvSandbox/Materials/Masters/M_Master_Toon_Universal.M_Master_Toon_Universal,DEAD-OVERRIDE,TriplanarTiling,,MID,,Dead overrides may cause unpredictable shading: TriplanarTiling
/Game/EnvSandbox/Materials/Instances/Environment/Zen/MI_Zen_InkWash,/Game/EnvSandbox/Materials/Masters/M_Master_Toon_Universal.M_Master_Toon_Universal,DEAD-OVERRIDE,InkIntensity; RimSoftness; StrokeStrength,,MID,,Dead overrides may cause unpredictable shading: InkIntensity; RimSoftness; StrokeStrength
/Game/EnvSandbox/Materials/Instances/Environment/Zen/MI_Zen_Karesansui,/Game/EnvSandbox/Materials/Masters/M_Master_Toon_Universal.M_Master_Toon_Universal,DEAD-OVERRIDE,DetailNormalHeightStrength; DetailNormalTexelSize; LayerB_NormalHeightStrength; LayerB_NormalTexelSize; NormalHeightStrength; NormalTexelSize; RefractionDepthBias; TriplanarTiling,Albedo,MID,,Dead overrides may cause unpredictable shading: DetailNormalHeightStrength; DetailNormalTexelSize; LayerB_No
/Game/EnvSandbox/Materials/Instances/Environment/Zen/MI_Zen_LanternWarm,/Game/EnvSandbox/Materials/Masters/M_Master_Toon_Universal.M_Master_Toon_Universal,DEAD-OVERRIDE,TriplanarTiling,,MID,,Dead overrides may cause unpredictable shading: TriplanarTiling
/Game/EnvSandbox/Materials/Instances/Environment/Zen/MI_Zen_MoonlitGarden,/Game/EnvSandbox/Materials/Masters/M_Master_Toon_Universal.M_Master_Toon_Universal,DEAD-OVERRIDE,DetailNormalHeightStrength; DetailNormalTexelSize; LayerB_NormalHeightStrength; LayerB_NormalTexelSize; LineColor; LineThickness; LineVisibility; MilkyWayStrength; NASAMilkyWayTexture; NASAStarMapTexture; NASATextureStrength; NormalHeightStrength; NormalTexelSize; ParallaxDepth; RefractionDepthBias; StarColor; StarDensity; TwinkleAmount,Albedo,MID,,Dead overrides may cause unpredictable shading: DetailNormalHeightStrength; DetailNormalTexelSize; LayerB_No
/Game/EnvSandbox/Materials/Instances/Environment/Zen/MI_Zen_MossGarden,/Game/EnvSandbox/Materials/Masters/M_Master_Toon_Universal.M_Master_Toon_Universal,DEAD-OVERRIDE,TriplanarTiling,,MID,,Dead overrides may cause unpredictable shading: TriplanarTiling
/Game/EnvSandbox/Materials/Instances/Environment/Zen/MI_Zen_MossStone,/Game/EnvSandbox/Materials/Masters/M_Master_Toon_Universal.M_Master_Toon_Universal,DEAD-OVERRIDE,RefractionDepthBias,,MID,,Dead overrides may cause unpredictable shading: RefractionDepthBias
/Game/EnvSandbox/Materials/Instances/Environment/Zen/MI_Zen_PondStill,/Game/EnvSandbox/Materials/Masters/M_Master_Toon_Universal.M_Master_Toon_Universal,DEAD-OVERRIDE,RimSoftness; TriplanarTiling,,MID,,Dead overrides may cause unpredictable shading: RimSoftness; TriplanarTiling
/Game/EnvSandbox/Materials/Instances/Environment/Zen/MI_Zen_RakedSand,/Game/EnvSandbox/Materials/Masters/M_Master_Toon_Landscape_HeightBlend.M_Master_Toon_Landscape_HeightBlend,DEAD-OVERRIDE,RefractionDepthBias,,MID,,Dead overrides may cause unpredictable shading: RefractionDepthBias
/Game/EnvSandbox/Materials/Instances/Environment/Zen/MI_Zen_RiverStone,/Game/EnvSandbox/Materials/Masters/M_Master_Toon_Universal.M_Master_Toon_Universal,DEAD-OVERRIDE,RefractionDepthBias; TriplanarTiling,,MID,,Dead overrides may cause unpredictable shading: RefractionDepthBias; TriplanarTiling
/Game/EnvSandbox/Materials/Instances/Environment/Zen/MI_Zen_RojiPath,/Game/EnvSandbox/Materials/Masters/M_Master_Toon_Universal.M_Master_Toon_Universal,DEAD-OVERRIDE,RefractionDepthBias; TriplanarTiling,,MID,,Dead overrides may cause unpredictable shading: RefractionDepthBias; TriplanarTiling
/Game/EnvSandbox/Materials/Instances/Environment/Zen/MI_Zen_SakuraDrift,/Game/EnvSandbox/Materials/Masters/M_Master_Toon_Universal.M_Master_Toon_Universal,MARBLE-DEFAULT,,Albedo,MID,,Missing albedo texture - will show master default (likely grey/marble)
/Game/EnvSandbox/Materials/Instances/Environment/Zen/MI_Zen_ShojiPaper,/Game/EnvSandbox/Materials/Masters/M_Master_Toon_Universal.M_Master_Toon_Universal,DEAD-OVERRIDE,InkIntensity; RimSoftness; StrokeStrength,,MID,,Dead overrides may cause unpredictable shading: InkIntensity; RimSoftness; StrokeStrength
/Game/EnvSandbox/Materials/Instances/Environment/Zen/MI_Zen_StillPond,/Game/EnvSandbox/Materials/Masters/M_Water_Master_Grand_v6.M_Water_Master_Grand_v6,OK,,,MID,,Live overrides present
/Game/EnvSandbox/Materials/Instances/Environment/Zen/MI_Zen_TeaHouseCedar,/Game/EnvSandbox/Materials/Masters/M_Master_Toon_Universal.M_Master_Toon_Universal,DEAD-OVERRIDE,RefractionDepthBias,Albedo,MID,,Dead overrides may cause unpredictable shading: RefractionDepthBias
/Game/EnvSandbox/Materials/Instances/Environment/Zen/MI_Zen_TempleStep,/Game/EnvSandbox/Materials/Masters/M_Master_Toon_Universal.M_Master_Toon_Universal,DEAD-OVERRIDE,RefractionDepthBias; TriplanarTiling,,MID,,Dead overrides may cause unpredictable shading: RefractionDepthBias; TriplanarTiling
/Game/EnvSandbox/Materials/Instances/Environment/Zen/MI_Zen_ToriiGreybox,/Game/EnvSandbox/Materials/Masters/M_Master_Toon_Universal.M_Master_Toon_Universal,OK,,,MID,,Live overrides present
/Game/EnvSandbox/Materials/Instances/Environment/Zen/MI_Zen_ToriiVermillion,/Game/EnvSandbox/Materials/Masters/M_Master_Toon_Universal.M_Master_Toon_Universal,DEAD-OVERRIDE,RefractionDepthBias,,MID,,Dead overrides may cause unpredictable shading: RefractionDepthBias
/Game/EnvSandbox/Materials/Instances/Environment/Zen/MI_Zen_TsukubaiBasin,/Game/EnvSandbox/Materials/Masters/M_Master_Toon_Universal.M_Master_Toon_Universal,DEAD-OVERRIDE,RefractionDepthBias; RimSoftness; TriplanarTiling,,MID,,Dead overrides may cause unpredictable shading: RefractionDepthBias; RimSoftness; TriplanarTiling
/Game/EnvSandbox/Materials/Instances/FarawayMother/P2/MI_Mother_Corset,/Game/EnvSandbox/Materials/Masters/M_Master_Nikki.M_Master_Nikki,MARBLE-DEFAULT,,Albedo,MID,,Missing albedo texture - will show master default (likely grey/marble)
/Game/EnvSandbox/Materials/Instances/FarawayMother/P2/MI_Mother_Cradle,/Game/EnvSandbox/Materials/Masters/M_Master_Nikki.M_Master_Nikki,MARBLE-DEFAULT,,Albedo,MID,,Missing albedo texture - will show master default (likely grey/marble)
/Game/EnvSandbox/Materials/Instances/FarawayMother/P2/MI_Mother_Gown,/Game/EnvSandbox/Materials/Masters/M_Master_Nikki.M_Master_Nikki,MARBLE-DEFAULT,,Albedo,MID,,Missing albedo texture - will show master default (likely grey/marble)
/Game/EnvSandbox/Materials/Instances/FarawayMother/P2/MI_Mother_Mantle,/Game/EnvSandbox/Materials/Masters/M_Master_Nikki.M_Master_Nikki,MARBLE-DEFAULT,,Albedo,MID,,Missing albedo texture - will show master default (likely grey/marble)
/Game/EnvSandbox/Materials/Instances/FarawayMother/P2/MI_Mother_Ornament,/Game/EnvSandbox/Materials/Masters/M_Master_Nikki.M_Master_Nikki,MARBLE-DEFAULT,,Albedo,MID,,Missing albedo texture - will show master default (likely grey/marble)
/Game/EnvSandbox/Materials/Instances/FarawayMother/P2/MI_Mother_Veil,/Game/EnvSandbox/Materials/Masters/M_Master_Nikki.M_Master_Nikki,MARBLE-DEFAULT,,Albedo,MID,,Missing albedo texture - will show master default (likely grey/marble)
/Game/EnvSandbox/Materials/Instances/Foliage/MI_Niagara_Foliage_Grass,,ORPHAN,,,BACKGROUND,,No parent - will render as default grey
/Game/EnvSandbox/Materials/Instances/Foliage/MI_Niagara_Foliage_Leaf1,,ORPHAN,,,BACKGROUND,,No parent - will render as default grey
/Game/EnvSandbox/Materials/Instances/Foliage/MI_Niagara_Foliage_Leaf2,,ORPHAN,,,BACKGROUND,,No parent - will render as default grey
/Game/EnvSandbox/Materials/Instances/Foliage/MI_Niagara_Foliage_Leaf3,,ORPHAN,,,BACKGROUND,,No parent - will render as default grey
/Game/EnvSandbox/Materials/Instances/Foliage/MI_Niagara_Foliage_Vine,,ORPHAN,,,BACKGROUND,,No parent - will render as default grey
/Game/EnvSandbox/Materials/Instances/Foliage/MI_ToonBush,/Game/EnvSandbox/Materials/Masters/M_ToonFoliage.M_ToonFoliage,MARBLE-DEFAULT,,Albedo,BACKGROUND,,Missing albedo texture - will show master default (likely grey/marble)
/Game/EnvSandbox/Materials/Instances/Foliage/MI_Toon_GenericFlower1,/Game/EnvSandbox/Materials/Masters/M_ToonFoliage.M_ToonFoliage,DEAD-OVERRIDE,ColorOpacity; LeafTint; NormalRoughness,Albedo,BACKGROUND,,Dead overrides may cause unpredictable shading: ColorOpacity; LeafTint; NormalRoughness
/Game/EnvSandbox/Materials/Instances/Foliage/MI_Toon_GenericFlowerTall,/Game/EnvSandbox/Materials/Masters/M_ToonFoliage.M_ToonFoliage,DEAD-OVERRIDE,ColorOpacity; LeafTint; NormalRoughness,Albedo,BACKGROUND,,Dead overrides may cause unpredictable shading: ColorOpacity; LeafTint; NormalRoughness
/Game/EnvSandbox/Materials/Instances/Foliage/MI_Toon_GenericTree_001,/Game/EnvSandbox/Materials/Masters/M_ToonFoliage.M_ToonFoliage,MARBLE-DEFAULT,,Albedo,BACKGROUND,,Missing albedo texture - will show master default (likely grey/marble)
/Game/EnvSandbox/Materials/Instances/Foliage/MI_Toon_GrassSimple,/Game/EnvSandbox/Materials/Masters/M_ToonFoliage.M_ToonFoliage,DEAD-OVERRIDE,ColorOpacity; LeafTint; NormalRoughness,Albedo,BACKGROUND,,Dead overrides may cause unpredictable shading: ColorOpacity; LeafTint; NormalRoughness
/Game/EnvSandbox/Materials/Instances/Kenney/RetroFantasyKit/MI_barrel,/Game/EnvSandbox/Materials/Masters/M_Master_Toon_Universal.M_Master_Toon_Universal,MARBLE-DEFAULT,,Albedo,BACKGROUND,,Missing albedo texture - will show master default (likely grey/marble)
/Game/EnvSandbox/Materials/Instances/Kenney/RetroFantasyKit/MI_cobblestone,/Game/EnvSandbox/Materials/Masters/M_Master_Toon_Universal.M_Master_Toon_Universal,MARBLE-DEFAULT,,Albedo,BACKGROUND,,Missing albedo texture - will show master default (likely grey/marble)
/Game/EnvSandbox/Materials/Instances/Kenney/RetroFantasyKit/MI_cobblestoneAlternative,/Game/EnvSandbox/Materials/Masters/M_Master_Toon_Universal.M_Master_Toon_Universal,MARBLE-DEFAULT,,Albedo,BACKGROUND,,Missing albedo texture - will show master default (likely grey/marble)
/Game/EnvSandbox/Materials/Instances/Kenney/RetroFantasyKit/MI_cobblestonePainted,/Game/EnvSandbox/Materials/Masters/M_Master_Toon_Universal.M_Master_Toon_Universal,MARBLE-DEFAULT,,Albedo,BACKGROUND,,Missing albedo texture - will show master default (likely grey/marble)
/Game/EnvSandbox/Materials/Instances/Kenney/RetroFantasyKit/MI_details,/Game/EnvSandbox/Materials/Masters/M_Master_Toon_Universal.M_Master_Toon_Universal,MARBLE-DEFAULT,,Albedo,BACKGROUND,,Missing albedo texture - will show master default (likely grey/marble)
/Game/EnvSandbox/Materials/Instances/Kenney/RetroFantasyKit/MI_fence,/Game/EnvSandbox/Materials/Masters/M_Master_Toon_Universal.M_Master_Toon_Universal,MARBLE-DEFAULT,,Albedo,BACKGROUND,,Missing albedo texture - will show master default (likely grey/marble)
/Game/EnvSandbox/Materials/Instances/Kenney/RetroFantasyKit/MI_planks,/Game/EnvSandbox/Materials/Masters/M_Master_Toon_Universal.M_Master_Toon_Universal,MARBLE-DEFAULT,,Albedo,BACKGROUND,,Missing albedo texture - will show master default (likely grey/marble)
/Game/EnvSandbox/Materials/Instances/Kenney/RetroFantasyKit/MI_roof,/Game/EnvSandbox/Materials/Masters/M_Master_Toon_Universal.M_Master_Toon_Universal,MARBLE-DEFAULT,,Albedo,BACKGROUND,,Missing albedo texture - will show master default (likely grey/marble)
/Game/EnvSandbox/Materials/Instances/Kenney/RetroFantasyKit/MI_tree,/Game/EnvSandbox/Materials/Masters/M_Master_Toon_Universal.M_Master_Toon_Universal,MARBLE-DEFAULT,,Albedo,BACKGROUND,,Missing albedo texture - will show master default (likely grey/marble)
/Game/EnvSandbox/Materials/Instances/Kenney/RetroFantasyKit/MI_water,/Game/EnvSandbox/Materials/Masters/M_Master_Toon_Universal.M_Master_Toon_Universal,MARBLE-DEFAULT,,Albedo,MID,,Missing albedo texture - will show master default (likely grey/marble)
/Game/EnvSandbox/Materials/Instances/Landscape/MI_Landscape_CarvedRock,/Game/EnvSandbox/Materials/Masters/M_Master_Toon_Landscape_HeightBlend.M_Master_Toon_Landscape_HeightBlend,DEAD-OVERRIDE,Albedo; DetailNormal; HeightMap; LayerB_Albedo; LayerB_HeightMap; NormalMap,,MID,,Dead overrides may cause unpredictable shading: Albedo; DetailNormal; HeightMap; LayerB_Albedo; LayerB_Heigh
/Game/EnvSandbox/Materials/Instances/Landscape/MI_Landscape_CliffGrass,/Game/EnvSandbox/Materials/Masters/M_Master_Toon_Landscape_HeightBlend.M_Master_Toon_Landscape_HeightBlend,DEAD-OVERRIDE,RefractionDepthBias,,MID,,Dead overrides may cause unpredictable shading: RefractionDepthBias
/Game/EnvSandbox/Materials/Instances/Landscape/MI_Landscape_CoastalCliff,/Game/EnvSandbox/Materials/Masters/M_Master_Toon_Landscape_HeightBlend.M_Master_Toon_Landscape_HeightBlend,DEAD-OVERRIDE,Albedo; DetailNormal; HeightMap; LayerB_Albedo; LayerB_HeightMap; NormalMap,,MID,,Dead overrides may cause unpredictable shading: Albedo; DetailNormal; HeightMap; LayerB_Albedo; LayerB_Heigh
/Game/EnvSandbox/Materials/Instances/Landscape/MI_Landscape_DesertArid,/Game/EnvSandbox/Materials/Masters/M_Master_Toon_Landscape_HeightBlend.M_Master_Toon_Landscape_HeightBlend,DEAD-OVERRIDE,RefractionDepthBias,,MID,,Dead overrides may cause unpredictable shading: RefractionDepthBias
/Game/EnvSandbox/Materials/Instances/Landscape/MI_Landscape_ForestFloor,/Game/EnvSandbox/Materials/Masters/M_Master_Toon_Landscape_HeightBlend.M_Master_Toon_Landscape_HeightBlend,DEAD-OVERRIDE,Albedo; DetailNormal; Grass_NormalHeightTex; GroundNormalTexelSize; HeightMap; IttoCrosshatchDensity; IttoCrosshatchIntensity; IttoSpiralDensity; IttoSpiralTextureBlend; IttoSpiralTileTexture; IttoSpiralWarp; LayerB_Albedo; LayerB_HeightMap; Mud_NormalHeightTex; NormalMap; RefractionDepthBias; Rock_NormalHeightTex,,MID,,Dead overrides may cause unpredictable shading: Albedo; DetailNormal; Grass_NormalHeightTex; GroundNormalTex
/Game/EnvSandbox/Materials/Instances/Landscape/MI_Landscape_Grass_Tilable_R090_Tile6,/Game/EnvSandbox/Materials/Masters/M_Master_Toon_Landscape_HeightBlend.M_Master_Toon_Landscape_HeightBlend,DEAD-OVERRIDE,UVScale,,MID,,Dead overrides may cause unpredictable shading: UVScale
/Game/EnvSandbox/Materials/Instances/Landscape/MI_Landscape_Meadow,/Game/EnvSandbox/Materials/Masters/M_Master_Toon_Landscape_HeightBlend.M_Master_Toon_Landscape_HeightBlend,OK,,,MID,,Live overrides present
/Game/EnvSandbox/Materials/Instances/Landscape/MI_Landscape_NikkiDream,/Game/EnvSandbox/Materials/Masters/M_Master_Nikki_Landscape.M_Master_Nikki_Landscape,MARBLE-DEFAULT,,Albedo,HERO,,Missing albedo texture - will show master default (likely grey/marble)
/Game/EnvSandbox/Materials/Instances/Landscape/MI_Landscape_PondBank,/Game/EnvSandbox/Materials/Masters/M_Master_Toon_Landscape_HeightBlend.M_Master_Toon_Landscape_HeightBlend,DEAD-OVERRIDE,Albedo; DetailNormal; HeightMap; LayerB_Albedo; LayerB_HeightMap; NormalMap,,MID,,Dead overrides may cause unpredictable shading: Albedo; DetailNormal; HeightMap; LayerB_Albedo; LayerB_Heigh
/Game/EnvSandbox/Materials/Instances/Landscape/MI_Landscape_SakuraGarden,/Game/EnvSandbox/Materials/Masters/M_Master_Toon_Landscape_HeightBlend.M_Master_Toon_Landscape_HeightBlend,DEAD-OVERRIDE,RefractionDepthBias,,MID,,Dead overrides may cause unpredictable shading: RefractionDepthBias
/Game/EnvSandbox/Materials/Instances/Landscape/MI_Landscape_SnowAlpine,/Game/EnvSandbox/Materials/Masters/M_Master_Toon_Landscape_HeightBlend.M_Master_Toon_Landscape_HeightBlend,DEAD-OVERRIDE,Albedo; DetailNormal; HeightMap; LayerB_Albedo; LayerB_HeightMap; NormalMap,,MID,,Dead overrides may cause unpredictable shading: Albedo; DetailNormal; HeightMap; LayerB_Albedo; LayerB_Heigh
/Game/EnvSandbox/Materials/Instances/Landscape/MI_Landscape_UrbanCobble,/Game/EnvSandbox/Materials/Masters/M_Master_Toon_Landscape_HeightBlend.M_Master_Toon_Landscape_HeightBlend,DEAD-OVERRIDE,Albedo; DetailNormal; HeightMap; LayerB_Albedo; LayerB_HeightMap; NormalMap,,MID,,Dead overrides may cause unpredictable shading: Albedo; DetailNormal; HeightMap; LayerB_Albedo; LayerB_Heigh
/Game/EnvSandbox/Materials/Instances/Landscape/MI_Landscape_VolcanicRock,/Game/EnvSandbox/Materials/Masters/M_Master_Toon_Landscape_HeightBlend.M_Master_Toon_Landscape_HeightBlend,DEAD-OVERRIDE,Albedo; DetailNormal; HeightMap; LayerB_Albedo; LayerB_HeightMap; NormalMap,,MID,,Dead overrides may cause unpredictable shading: Albedo; DetailNormal; HeightMap; LayerB_Albedo; LayerB_Heigh
/Game/EnvSandbox/Materials/Instances/Landscape/MI_Landscape_WetlandMud,/Game/EnvSandbox/Materials/Masters/M_Master_Toon_Landscape_HeightBlend.M_Master_Toon_Landscape_HeightBlend,DEAD-OVERRIDE,Albedo; DetailNormal; HeightMap; LayerB_Albedo; LayerB_HeightMap; NormalMap,,MID,,Dead overrides may cause unpredictable shading: Albedo; DetailNormal; HeightMap; LayerB_Albedo; LayerB_Heigh
/Game/EnvSandbox/Materials/Instances/Landscape/MI_Landscape_WitchGarden,/Game/EnvSandbox/Materials/Masters/M_Master_Toon_Landscape_HeightBlend.M_Master_Toon_Landscape_HeightBlend,DEAD-OVERRIDE,Albedo; DetailNormal; Grass_NormalHeightTex; GroundNormalTexelSize; HeightMap; LayerB_Albedo; LayerB_HeightMap; Mud_NormalHeightTex; NormalMap; ParallaxDepth; RefractionDepthBias; Rock_NormalHeightTex,,MID,,Dead overrides may cause unpredictable shading: Albedo; DetailNormal; Grass_NormalHeightTex; GroundNormalTex
/Game/EnvSandbox/Materials/Instances/MI_IridescentRock,/Game/EnvSandbox/Materials/Masters/M_Master_Toon_Universal.M_Master_Toon_Universal,DEAD-OVERRIDE,InkAccumBias; InkAmount; InkCavityPower,Albedo,MID,,Dead overrides may cause unpredictable shading: InkAccumBias; InkAmount; InkCavityPower
/Game/EnvSandbox/Materials/Instances/MI_Master_Simple_Universal_Inst,/Game/EnvSandbox/Materials/Masters/M_Master_Toon_Universal.M_Master_Toon_Universal,DEAD-OVERRIDE,RefractionDepthBias,,MID,,Dead overrides may cause unpredictable shading: RefractionDepthBias
/Game/EnvSandbox/Materials/Instances/MI_Master_Toon_Landscape_HeightBlend_Inst,/Game/EnvSandbox/Materials/Masters/M_Master_Toon_Landscape_HeightBlend.M_Master_Toon_Landscape_HeightBlend,DEAD-OVERRIDE,IttoCrosshatchDensity; IttoCrosshatchIntensity; IttoSpiralDensity; IttoSpiralWarp; MadokaInkBleedAmount; RefractionDepthBias,,MID,,Dead overrides may cause unpredictable shading: IttoCrosshatchDensity; IttoCrosshatchIntensity; IttoSpiralDe
/Game/EnvSandbox/Materials/Instances/MI_Master_Toon_Universal_Inst,/Game/EnvSandbox/Materials/Masters/M_Master_Toon_Universal.M_Master_Toon_Universal,DEAD-OVERRIDE,RefractionDepthBias,,MID,MI_Master_Toon_Universal,Dead overrides may cause unpredictable shading: RefractionDepthBias
/Game/EnvSandbox/Materials/Instances/MI_Master_Toon_Universal_Inst1,/Game/EnvSandbox/Materials/Masters/M_Master_Toon_Universal.M_Master_Toon_Universal,DEAD-OVERRIDE,RefractionDepthBias,,MID,MI_Master_Toon_Universal,Dead overrides may cause unpredictable shading: RefractionDepthBias
/Game/EnvSandbox/Materials/Instances/MI_Master_Toon_Universal_Inst3,/Game/EnvSandbox/Materials/Masters/M_Master_Toon_Universal.M_Master_Toon_Universal,DEAD-OVERRIDE,DisplacementStrength; RefractionDepthBias,,MID,MI_Master_Toon_Universal,Dead overrides may cause unpredictable shading: DisplacementStrength; RefractionDepthBias
/Game/EnvSandbox/Materials/Instances/MelodyTokens/MI_MelodyToken_Heart,/Game/EnvSandbox/Materials/Masters/M_Master_Toon_Universal.M_Master_Toon_Universal,OK,,,HERO,,Live overrides present
/Game/EnvSandbox/Materials/Instances/MelodyTokens/MI_MelodyToken_Star,/Game/EnvSandbox/Materials/Masters/M_Master_Toon_Universal.M_Master_Toon_Universal,OK,,,HERO,,Live overrides present
/Game/EnvSandbox/Materials/Instances/MelodyTokens/MI_MelodyToken_Swirl,/Game/EnvSandbox/Materials/Masters/M_Master_Toon_Universal.M_Master_Toon_Universal,OK,,,HERO,,Live overrides present
/Game/EnvSandbox/Materials/Instances/MelodyTokens/MI_MelodyToken_Water,/Game/EnvSandbox/Materials/Masters/M_Master_Toon_Universal.M_Master_Toon_Universal,OK,,,HERO,,Live overrides present
/Game/EnvSandbox/Materials/Instances/Melusina/MI_Melusina_Cello,/Game/EnvSandbox/Materials/Masters/M_Master_Toon_Universal.M_Master_Toon_Universal,OK,,,HERO,,Live overrides present
/Game/EnvSandbox/Materials/Instances/Melusina/MI_Melusina_Crystal,/Game/EnvSandbox/Materials/Masters/M_Master_Toon_Universal.M_Master_Toon_Universal,OK,,,HERO,,Live overrides present
/Game/EnvSandbox/Materials/Instances/Melusina/MI_Melusina_FloralBrickGrayScale,/Game/EnvSandbox/Materials/Masters/M_Master_Toon_Universal.M_Master_Toon_Universal,DEAD-OVERRIDE,RefractionDepthBias,,HERO,,Dead overrides may cause unpredictable shading: RefractionDepthBias
/Game/EnvSandbox/Materials/Instances/Melusina/MI_Melusina_Grass,/Game/EnvSandbox/Materials/Masters/M_Master_Toon_Universal.M_Master_Toon_Universal,OK,,,HERO,,Live overrides present
/Game/EnvSandbox/Materials/Instances/Melusina/MI_Melusina_LandscapeGrayscale,/Game/EnvSandbox/Materials/Masters/M_Master_Toon_Universal.M_Master_Toon_Universal,OK,,,HERO,,Live overrides present
/Game/EnvSandbox/Materials/Instances/Melusina/MI_Melusina_Leafcool,/Game/EnvSandbox/Materials/Masters/M_Master_Toon_Universal.M_Master_Toon_Universal,OK,,,HERO,,Live overrides present
/Game/EnvSandbox/Materials/Instances/Melusina/MI_Melusina_Note,/Game/EnvSandbox/Materials/Masters/M_Master_Toon_Universal.M_Master_Toon_Universal,OK,,,HERO,,Live overrides present
/Game/EnvSandbox/Materials/Instances/Melusina/MI_Melusina_Soil,/Game/EnvSandbox/Materials/Masters/M_Master_Toon_Universal.M_Master_Toon_Universal,OK,,,HERO,,Live overrides present
/Game/EnvSandbox/Materials/Instances/Melusina/MI_Melusina_SorrowSeam,/Game/EnvSandbox/Materials/Masters/M_Universal_Enhanced_Fabric.M_Universal_Enhanced_Fabric,OK,,,HERO,,Live overrides present
/Game/EnvSandbox/Materials/Instances/Melusina/MI_Melusina_Stem1,/Game/EnvSandbox/Materials/Masters/M_Master_Toon_Universal.M_Master_Toon_Universal,OK,,,HERO,,Live overrides present
/Game/EnvSandbox/Materials/Instances/Melusina/MI_Melusina_Stembell,/Game/EnvSandbox/Materials/Masters/M_Master_Toon_Universal.M_Master_Toon_Universal,OK,,,HERO,,Live overrides present
/Game/EnvSandbox/Materials/Instances/Melusina/MI_Melusina_Treble,/Game/EnvSandbox/Materials/Masters/M_Master_Toon_Universal.M_Master_Toon_Universal,OK,,,HERO,,Live overrides present
/Game/EnvSandbox/Materials/Instances/Melusina/MI_Melusina_WaterHair,/Game/EnvSandbox/Materials/Masters/M_Water_Master_Grand_v7.M_Water_Master_Grand_v7,DEAD-OVERRIDE,DripLength; DripSpeed; HairDripIntensity; RefractionDepthBias; SplashForce; WaterOpacity; WaterRoughness,,HERO,,Dead overrides may cause unpredictable shading: DripLength; DripSpeed; HairDripIntensity; RefractionDepthBia
/Game/EnvSandbox/Materials/Instances/Melusina/MI_Melusina_Weave,/Game/EnvSandbox/Materials/Masters/M_Master_Toon_Universal.M_Master_Toon_Universal,OK,,,HERO,,Live overrides present
/Game/EnvSandbox/Materials/Instances/MelusinaReal/M_Master_Toon_Landscape_HeightBlend/MI_M_Master_Toon_Landscape_HeightBlend_Grass,/Game/EnvSandbox/Materials/Masters/M_Master_Toon_Landscape_HeightBlend.M_Master_Toon_Landscape_HeightBlend,OK,,,HERO,,Live overrides present
/Game/EnvSandbox/Materials/Instances/MelusinaReal/M_Master_Toon_Landscape_HeightBlend/MI_M_Master_Toon_Landscape_HeightBlend_LandscapeGrayscale,/Game/EnvSandbox/Materials/Masters/M_Master_Toon_Landscape_HeightBlend.M_Master_Toon_Landscape_HeightBlend,OK,,,HERO,,Live overrides present
/Game/EnvSandbox/Materials/Instances/MelusinaReal/M_Master_Toon_Landscape_HeightBlend/MI_M_Master_Toon_Landscape_HeightBlend_Soil,/Game/EnvSandbox/Materials/Masters/M_Master_Toon_Landscape_HeightBlend.M_Master_Toon_Landscape_HeightBlend,DEAD-OVERRIDE,RefractionDepthBias,,HERO,,Dead overrides may cause unpredictable shading: RefractionDepthBias
/Game/EnvSandbox/Materials/Instances/MelusinaReal/M_Master_Toon_Universal/MI_M_Master_Toon_Universal_Cello,/Game/EnvSandbox/Materials/Masters/M_Master_Toon_Universal.M_Master_Toon_Universal,OK,,,HERO,,Live overrides present
/Game/EnvSandbox/Materials/Instances/MelusinaReal/M_Master_Toon_Universal/MI_M_Master_Toon_Universal_Crystal,/Game/EnvSandbox/Materials/Masters/M_Master_Toon_Universal.M_Master_Toon_Universal,DEAD-OVERRIDE,RefractionDepthBias,,HERO,,Dead overrides may cause unpredictable shading: RefractionDepthBias
/Game/EnvSandbox/Materials/Instances/MelusinaReal/M_Master_Toon_Universal/MI_M_Master_Toon_Universal_FloralBrickGrayScale,/Game/EnvSandbox/Materials/Masters/M_Master_Toon_Universal.M_Master_Toon_Universal,DEAD-OVERRIDE,RefractionDepthBias,,HERO,,Dead overrides may cause unpredictable shading: RefractionDepthBias
/Game/EnvSandbox/Materials/Instances/MelusinaReal/M_Master_Toon_Universal/MI_M_Master_Toon_Universal_Leafcool,/Game/EnvSandbox/Materials/Masters/M_Master_Toon_Universal.M_Master_Toon_Universal,OK,,,HERO,,Live overrides present
/Game/EnvSandbox/Materials/Instances/MelusinaReal/M_Master_Toon_Universal/MI_M_Master_Toon_Universal_Note,/Game/EnvSandbox/Materials/Masters/M_Master_Toon_Universal.M_Master_Toon_Universal,OK,,,HERO,,Live overrides present
/Game/EnvSandbox/Materials/Instances/MelusinaReal/M_Master_Toon_Universal/MI_M_Master_Toon_Universal_Stem1,/Game/EnvSandbox/Materials/Masters/M_Master_Toon_Universal.M_Master_Toon_Universal,OK,,,HERO,,Live overrides present
/Game/EnvSandbox/Materials/Instances/MelusinaReal/M_Master_Toon_Universal/MI_M_Master_Toon_Universal_Stembell,/Game/EnvSandbox/Materials/Masters/M_Master_Toon_Universal.M_Master_Toon_Universal,OK,,,HERO,,Live overrides present
/Game/EnvSandbox/Materials/Instances/MelusinaReal/M_Master_Toon_Universal/MI_M_Master_Toon_Universal_Treble,/Game/EnvSandbox/Materials/Masters/M_Master_Toon_Universal.M_Master_Toon_Universal,OK,,,HERO,,Live overrides present
/Game/EnvSandbox/Materials/Instances/MelusinaReal/M_Master_Toon_Universal/MI_M_Master_Toon_Universal_Weave,/Game/EnvSandbox/Materials/Masters/M_Master_Toon_Universal.M_Master_Toon_Universal,OK,,,HERO,,Live overrides present
/Game/EnvSandbox/Materials/Instances/Oceanology/MI_Oceanology_Melodia_Hero,/Oceanology_Plugin/Design/Ocean/Materials/Water/SingleLayerWater/M_Oceanology_Inst.M_Oceanology_Inst,OK,,,HERO,,Live overrides present
/Game/EnvSandbox/Materials/Instances/Rhythm/MI_Rhythm_Arena_Neon,/Game/EnvSandbox/Materials/Masters/M_AudioReactive_BaseMaster.M_AudioReactive_BaseMaster,OK,,,HERO,,Live overrides present
/Game/EnvSandbox/Materials/Instances/Rhythm/MI_Rhythm_Floor_Dream,/Game/EnvSandbox/Materials/Masters/M_RhythmSurface_Pulse.M_RhythmSurface_Pulse,OK,,,HERO,,Live overrides present
/Game/EnvSandbox/Materials/Instances/Rhythm/MI_Rhythm_Floor_Stone,/Game/EnvSandbox/Materials/Masters/M_RhythmSurface_Pulse.M_RhythmSurface_Pulse,OK,,,HERO,,Live overrides present
/Game/EnvSandbox/Materials/Instances/Rhythm/MI_Rhythm_Note_Highlight,/Game/EnvSandbox/Materials/Masters/M_RhythmSurface_Pulse.M_RhythmSurface_Pulse,OK,,,HERO,,Live overrides present
/Game/EnvSandbox/Materials/Instances/Rhythm/MI_Rhythm_Podium_Hero,/Game/EnvSandbox/Materials/Masters/M_RhythmSurface_Pulse.M_RhythmSurface_Pulse,OK,,,HERO,,Live overrides present
/Game/EnvSandbox/Materials/Instances/Sakura/MI_SakuraLandscape,/Game/EnvSandbox/Materials/Masters/M_Master_Toon_Landscape_HeightBlend.M_Master_Toon_Landscape_HeightBlend,DEAD-OVERRIDE,RefractionDepthBias,,MID,,Dead overrides may cause unpredictable shading: RefractionDepthBias
/Game/EnvSandbox/Materials/Instances/Sakura/MI_Sakura_Bark,/Game/EnvSandbox/Materials/Masters/M_Master_Toon_Universal.M_Master_Toon_Universal,OK,,,MID,,Live overrides present
/Game/EnvSandbox/Materials/Instances/Sakura/MI_Sakura_Blossom,/Game/EnvSandbox/Materials/Masters/M_Master_Toon_Universal.M_Master_Toon_Universal,OK,,,MID,,Live overrides present
/Game/EnvSandbox/Materials/Instances/Sakura/MI_Sakura_Bridge,/Game/EnvSandbox/Materials/Masters/M_Master_Toon_Universal.M_Master_Toon_Universal,OK,,,MID,,Live overrides present
/Game/EnvSandbox/Materials/Instances/Sakura/MI_Sakura_Grass,/Game/EnvSandbox/Materials/Masters/M_Master_Toon_Universal.M_Master_Toon_Universal,OK,,,MID,,Live overrides present
/Game/EnvSandbox/Materials/Instances/Sakura/MI_Sakura_Lantern,/Game/EnvSandbox/Materials/Masters/M_Master_Toon_Universal.M_Master_Toon_Universal,OK,,,MID,,Live overrides present
/Game/EnvSandbox/Materials/Instances/Sakura/MI_Sakura_Moss,/Game/EnvSandbox/Materials/Masters/M_Master_Toon_Universal.M_Master_Toon_Universal,DEAD-OVERRIDE,ShadowContactBoost,,MID,,Dead overrides may cause unpredictable shading: ShadowContactBoost
/Game/EnvSandbox/Materials/Instances/Sakura/MI_Sakura_Petals,/Game/EnvSandbox/Materials/Masters/M_Master_Toon_Universal.M_Master_Toon_Universal,MARBLE-DEFAULT,,Albedo,MID,,Missing albedo texture - will show master default (likely grey/marble)
/Game/EnvSandbox/Materials/Instances/Sakura/MI_Sakura_StonePath,/Game/EnvSandbox/Materials/Masters/M_Master_Toon_Universal.M_Master_Toon_Universal,DEAD-OVERRIDE,ShadowContactBoost; ShadowFlowerAlbedoDarken; ShadowFlowerScaleFine,,MID,,Dead overrides may cause unpredictable shading: ShadowContactBoost; ShadowFlowerAlbedoDarken; ShadowFlowerSc
/Game/EnvSandbox/Materials/Instances/Sakura/MI_Sakura_ToriiRed,/Game/EnvSandbox/Materials/Masters/M_Master_Toon_Universal.M_Master_Toon_Universal,DEAD-OVERRIDE,AtmosphericFadeStrength; SparkleNoiseScale,,MID,,Dead overrides may cause unpredictable shading: AtmosphericFadeStrength; SparkleNoiseScale
/Game/EnvSandbox/Materials/Instances/Sakura/MI_Sakura_TrimSoilCrystal,/Game/EnvSandbox/Materials/Masters/M_Master_Toon_Universal.M_Master_Toon_Universal,OK,,,MID,,Live overrides present
/Game/EnvSandbox/Materials/Instances/Sakura/MI_Sakura_Water,/Game/EnvSandbox/Materials/Masters/M_Master_Toon_Universal.M_Master_Toon_Universal,MARBLE-DEFAULT,,Albedo,MID,,Missing albedo texture - will show master default (likely grey/marble)
/Game/EnvSandbox/Materials/Instances/Terrain/MI_Terrain_BaroqueGrotto_Substrate,/Game/EnvSandbox/Materials/Masters/M_Master_Toon_Landscape_HeightBlend.M_Master_Toon_Landscape_HeightBlend,OK,,,HERO,,Live overrides present
/Game/EnvSandbox/Materials/Instances/Terrain/MI_Terrain_CosmicOrrery_Substrate,/Game/EnvSandbox/Materials/Masters/M_Master_Toon_Landscape_HeightBlend.M_Master_Toon_Landscape_HeightBlend,OK,,,HERO,,Live overrides present
/Game/EnvSandbox/Materials/Instances/Terrain/MI_Terrain_SakuraDream_Substrate,/Game/EnvSandbox/Materials/Masters/M_Master_Toon_Landscape_HeightBlend.M_Master_Toon_Landscape_HeightBlend,DEAD-OVERRIDE,TriplanarBlend,,HERO,,Dead overrides may cause unpredictable shading: TriplanarBlend
/Game/EnvSandbox/Materials/Instances/Terrain/MI_Terrain_SpaceCathedral_Substrate,/Game/EnvSandbox/Materials/Masters/M_Master_Toon_Landscape_HeightBlend.M_Master_Toon_Landscape_HeightBlend,OK,,,BACKGROUND,,Live overrides present
/Game/EnvSandbox/Materials/Instances/Tilable/MI_Tilable_BaseTrim_R078_Tile4,/Game/EnvSandbox/Materials/Masters/M_Master_Toon_Universal.M_Master_Toon_Universal,MARBLE-DEFAULT,,Albedo,BACKGROUND,,Missing albedo texture - will show master default (likely grey/marble)
/Game/EnvSandbox/Materials/Instances/Tilable/MI_Tilable_ConcreteTrim_R078_Tile4,/Game/EnvSandbox/Materials/Masters/M_Master_Toon_Universal.M_Master_Toon_Universal,MARBLE-DEFAULT,,Albedo,BACKGROUND,,Missing albedo texture - will show master default (likely grey/marble)
/Game/EnvSandbox/Materials/Instances/Tilable/MI_Tilable_ZenTrimCrackedToHell_R078_Tile4,/Game/EnvSandbox/Materials/Masters/M_Master_Toon_Universal.M_Master_Toon_Universal,DEAD-OVERRIDE,BaseColor; Normal,Albedo,BACKGROUND,,Dead overrides may cause unpredictable shading: BaseColor; Normal
/Game/EnvSandbox/Materials/Instances/Water/MI_GrandWater_FrozenPond,/Game/EnvSandbox/Materials/Masters/M_Water_Master_Grand_v6.M_Water_Master_Grand_v6,DEAD-OVERRIDE,RefractionStrength,,MID,,Dead overrides may cause unpredictable shading: RefractionStrength
/Game/EnvSandbox/Materials/Instances/Water/MI_GrandWater_OceanDeep,/Game/EnvSandbox/Materials/Masters/M_Water_Master_Grand_v6.M_Water_Master_Grand_v6,DEAD-OVERRIDE,RefractionDepthBias; RefractionStrength,,HERO,,Dead overrides may cause unpredictable shading: RefractionDepthBias; RefractionStrength
/Game/EnvSandbox/Materials/Instances/Water/MI_GrandWater_PondStylized,/Game/EnvSandbox/Materials/Masters/M_Water_Master_Grand_v6.M_Water_Master_Grand_v6,DEAD-OVERRIDE,RefractionStrength,,MID,,Dead overrides may cause unpredictable shading: RefractionStrength
/Game/EnvSandbox/Materials/Instances/Water/MI_GrandWater_RiverClear,/Game/EnvSandbox/Materials/Masters/M_Water_Master_Grand_v6.M_Water_Master_Grand_v6,DEAD-OVERRIDE,RefractionStrength,,MID,,Dead overrides may cause unpredictable shading: RefractionStrength
/Game/EnvSandbox/Materials/Instances/Water/MI_GrandWater_SakuraPond,/Game/EnvSandbox/Materials/Masters/M_Water_Master_Grand_v6.M_Water_Master_Grand_v6,DEAD-OVERRIDE,RefractionStrength,,MID,,Dead overrides may cause unpredictable shading: RefractionStrength
/Game/EnvSandbox/Materials/Instances/Water/MI_GrandWater_SakuraPond1,/Game/EnvSandbox/Materials/Masters/M_Water_Master_Grand_v10_Upgrade.M_Water_Master_Grand_v10_Upgrade,DEAD-OVERRIDE,RefractionDepthBias,,MID,,Dead overrides may cause unpredictable shading: RefractionDepthBias
/Game/EnvSandbox/Materials/Instances/Water/MI_GrandWater_ShorelinePond,/Game/EnvSandbox/Materials/Masters/M_Water_Master_Grand_v6.M_Water_Master_Grand_v6,DEAD-OVERRIDE,RefractionStrength,,MID,,Dead overrides may cause unpredictable shading: RefractionStrength
/Game/EnvSandbox/Materials/Instances/Water/MI_GrandWater_SwampMurk,/Game/EnvSandbox/Materials/Masters/M_Water_Master_Grand_v6.M_Water_Master_Grand_v6,DEAD-OVERRIDE,RefractionStrength,,MID,,Dead overrides may cause unpredictable shading: RefractionStrength
/Game/EnvSandbox/Materials/Instances/Water/MI_GrandWater_WaterfallSheet,/Game/EnvSandbox/Materials/Masters/M_Water_Master_Grand_v6.M_Water_Master_Grand_v6,DEAD-OVERRIDE,RefractionDepthBias; RefractionStrength,,MID,,Dead overrides may cause unpredictable shading: RefractionDepthBias; RefractionStrength
/Game/EnvSandbox/Materials/Instances/Water/v10/Integrated/MI_WaterV10_Integrated_BiolumGrotto,/Game/EnvSandbox/Materials/Masters/M_Water_Master_Grand_v10_Upgrade.M_Water_Master_Grand_v10_Upgrade,OK,,,MID,,Live overrides present
/Game/EnvSandbox/Materials/Instances/Water/v10/Integrated/MI_WaterV10_Integrated_CalmPond,/Game/EnvSandbox/Materials/Masters/M_Water_Master_Grand_v10_Upgrade.M_Water_Master_Grand_v10_Upgrade,OK,,,HERO,,Live overrides present
/Game/EnvSandbox/Materials/Instances/Water/v10/Integrated/MI_WaterV10_Integrated_CinematicHero,/Game/EnvSandbox/Materials/Masters/M_Water_Master_Grand_v10_Upgrade.M_Water_Master_Grand_v10_Upgrade,OK,,,HERO,,Live overrides present
/Game/EnvSandbox/Materials/Instances/Water/v10/Integrated/MI_WaterV10_Integrated_OceanPreview,/Game/EnvSandbox/Materials/Masters/M_Water_Master_Grand_v10_Upgrade.M_Water_Master_Grand_v10_Upgrade,OK,,,HERO,,Live overrides present
/Game/EnvSandbox/Materials/Instances/Water/v10/Integrated/MI_WaterV10_Integrated_RiverClear,/Game/EnvSandbox/Materials/Masters/M_Water_Master_Grand_v10_Upgrade.M_Water_Master_Grand_v10_Upgrade,OK,,,MID,,Live overrides present
/Game/EnvSandbox/Materials/Instances/Water/v10/MI_WaterV10_NativeDefault,/Game/EnvSandbox/Materials/Instances/Water/v10/Integrated/MI_WaterV10_Integrated_CalmPond.MI_WaterV10_Integrated_CalmPond,OK,,,MID,,Live overrides present
/Game/EnvSandbox/Materials/Instances/Water/v10/MI_Water_v10_BiolumGrotto,/Game/EnvSandbox/Materials/Masters/M_Water_Master_Grand_v10_Upgrade.M_Water_Master_Grand_v10_Upgrade,DEAD-OVERRIDE,RefractionDepthBias,,MID,,Dead overrides may cause unpredictable shading: RefractionDepthBias
/Game/EnvSandbox/Materials/Instances/Water/v10/MI_Water_v10_CalmPond,/Game/EnvSandbox/Materials/Masters/M_Water_Master_Grand_v10_Substrate.M_Water_Master_Grand_v10_Substrate,OK,,,HERO,,Live overrides present
/Game/EnvSandbox/Materials/Instances/Water/v10/MI_Water_v10_HeroFLIP,/Game/EnvSandbox/Materials/Masters/M_Water_Master_Grand_v10_Substrate.M_Water_Master_Grand_v10_Substrate,OK,,,HERO,,Live overrides present
/Game/EnvSandbox/Materials/Instances/Water/v10/Preview/MI_Water_v10_BiolumGrotto_CubePreview,/Game/EnvSandbox/Materials/Masters/M_Water_Master_Grand_v10_Upgrade.M_Water_Master_Grand_v10_Upgrade,DEAD-OVERRIDE,RefractionDepthBias,,MID,,Dead overrides may cause unpredictable shading: RefractionDepthBias
/Game/EnvSandbox/Materials/Instances/Water/v7/MI_WaterV7_BiolumGrotto,/Game/EnvSandbox/Materials/Masters/M_Water_Master_Grand_v7.M_Water_Master_Grand_v7,OK,,,MID,,Live overrides present
/Game/EnvSandbox/Materials/Instances/Water/v7/MI_WaterV7_CalmPond,/Game/EnvSandbox/Materials/Masters/M_Water_Master_Grand_v7.M_Water_Master_Grand_v7,OK,,,HERO,,Live overrides present
/Game/EnvSandbox/Materials/Instances/Water/v7/MI_WaterV7_CinematicHero,/Game/EnvSandbox/Materials/Masters/M_Water_Master_Grand_v7.M_Water_Master_Grand_v7,OK,,,HERO,,Live overrides present
/Game/EnvSandbox/Materials/Instances/Water/v7/MI_WaterV7_OceanPreview,/Game/EnvSandbox/Materials/Masters/M_Water_Master_Grand_v7.M_Water_Master_Grand_v7,OK,,,HERO,,Live overrides present
/Game/EnvSandbox/Materials/Instances/Water/v7/MI_WaterV7_RiverClear,/Game/EnvSandbox/Materials/Masters/M_Water_Master_Grand_v7.M_Water_Master_Grand_v7,OK,,,MID,,Live overrides present
/Game/EnvSandbox/Materials/Instances/Water/v7/MI_WaterV7_SakuraPond,/Game/EnvSandbox/Materials/Masters/M_Water_Master_Grand_v7.M_Water_Master_Grand_v7,DEAD-OVERRIDE,RefractionDepthBias,,MID,,Dead overrides may cause unpredictable shading: RefractionDepthBias
/Game/EnvSandbox/Materials/Instances/Water/v9/MI_WaterV9_BiolumGrotto,/Game/EnvSandbox/Materials/Masters/M_Water_Master_Grand_v9.M_Water_Master_Grand_v9,OK,,,MID,,Live overrides present
/Game/EnvSandbox/Materials/Instances/Water/v9/MI_WaterV9_CalmPond,/Game/EnvSandbox/Materials/Masters/M_Water_Master_Grand_v9.M_Water_Master_Grand_v9,OK,,,HERO,,Live overrides present
/Game/EnvSandbox/Materials/Instances/Water/v9/MI_WaterV9_CinematicHero,/Game/EnvSandbox/Materials/Masters/M_Water_Master_Grand_v9.M_Water_Master_Grand_v9,OK,,,HERO,,Live overrides present
/Game/EnvSandbox/Materials/Instances/Water/v9/MI_WaterV9_OceanPreview,/Game/EnvSandbox/Materials/Masters/M_Water_Master_Grand_v9.M_Water_Master_Grand_v9,OK,,,HERO,,Live overrides present
/Game/EnvSandbox/Materials/Instances/Water/v9/MI_WaterV9_RiverClear,/Game/EnvSandbox/Materials/Masters/M_Water_Master_Grand_v9.M_Water_Master_Grand_v9,OK,,,MID,,Live overrides present
/Game/EnvSandbox/Materials/Instances/Water/v9/MI_Water_Underwater_Post_Default,/Game/EnvSandbox/Materials/Masters/M_Water_Underwater_Post_v9.M_Water_Underwater_Post_v9,OK,,,MID,,Live overrides present
/Game/Melodia/Characters/MaraVell/Materials/MI_Mara_Skin_006,/Game/EnvSandbox/Materials/Masters/M_Master_Toon_Universal.M_Master_Toon_Universal,OK,,,HERO,,Live overrides present
/Game/Melodia/Characters/MaraVell/Materials/MI_Mara_Skin_007,/Game/EnvSandbox/Materials/Masters/M_Master_Toon_Universal.M_Master_Toon_Universal,DEAD-OVERRIDE,RefractionDepthBias,,HERO,,Dead overrides may cause unpredictable shading: RefractionDepthBias
/Game/Melodia/Characters/Melusina/Materials/MI_Melusina_Dress_Shorewake,/Game/EnvSandbox/Materials/Masters/M_Master_Toon_Universal.M_Master_Toon_Universal,OK,,,HERO,,Live overrides present
/Game/Melodia/Characters/Melusina/Materials/MI_Melusina_GLOVES_001,/Game/EnvSandbox/Materials/Masters/M_Master_Toon_Universal.M_Master_Toon_Universal,DEAD-OVERRIDE,RefractionDepthBias,,HERO,,Dead overrides may cause unpredictable shading: RefractionDepthBias
/Game/Melodia/Characters/Melusina/Materials/MI_Melusina_Gradient__Radial__002,/Game/EnvSandbox/Materials/Masters/M_Master_Toon_Universal.M_Master_Toon_Universal,DEAD-OVERRIDE,RefractionDepthBias,,HERO,,Dead overrides may cause unpredictable shading: RefractionDepthBias
/Game/Melodia/Characters/Melusina/Materials/MI_Melusina_Hair,/Game/EnvSandbox/Materials/Masters/M_Master_Toon_Universal.M_Master_Toon_Universal,OK,,,HERO,,Live overrides present
/Game/Melodia/Characters/Melusina/Materials/MI_Melusina_Halftone_3_Inputs_-_Lines___Circles_002,/Game/EnvSandbox/Materials/Masters/M_Master_Toon_Universal.M_Master_Toon_Universal,OK,,,HERO,,Live overrides present
/Game/Melodia/Characters/Melusina/Materials/MI_Melusina_Halftone_Circles___Circles__3_Inputs__001,/Game/EnvSandbox/Materials/Masters/M_Master_Toon_Universal.M_Master_Toon_Universal,OK,,,HERO,,Live overrides present
/Game/Melodia/Characters/Melusina/Materials/MI_Melusina_IRISFRONT_001,/Game/EnvSandbox/Materials/Masters/M_Master_Toon_Universal.M_Master_Toon_Universal,OK,,,HERO,,Live overrides present
/Game/Melodia/Characters/Melusina/Materials/MI_Melusina_Material_013,/Game/EnvSandbox/Materials/Masters/M_Master_Toon_Universal.M_Master_Toon_Universal,OK,,,HERO,,Live overrides present
/Game/Melodia/Characters/Melusina/Materials/MI_Melusina_Material_017,/Game/EnvSandbox/Materials/Masters/M_Master_Toon_Universal.M_Master_Toon_Universal,OK,,,HERO,,Live overrides present
/Game/Melodia/Characters/Melusina/Materials/MI_Melusina_Material_021,/Game/EnvSandbox/Materials/Masters/M_Master_Toon_Universal.M_Master_Toon_Universal,OK,,,HERO,,Live overrides present
/Game/Melodia/Characters/Melusina/Materials/MI_Melusina_Material_022,/Game/EnvSandbox/Materials/Masters/M_Master_Toon_Universal.M_Master_Toon_Universal,OK,,,HERO,,Live overrides present
/Game/Melodia/Characters/Melusina/Materials/MI_Melusina_Material_023,/Game/EnvSandbox/Materials/Masters/M_Master_Toon_Universal.M_Master_Toon_Universal,DEAD-OVERRIDE,RefractionDepthBias,,HERO,,Dead overrides may cause unpredictable shading: RefractionDepthBias
/Game/Melodia/Characters/Melusina/Materials/MI_Melusina_Material_024,/Game/EnvSandbox/Materials/Masters/M_Master_Toon_Universal.M_Master_Toon_Universal,DEAD-OVERRIDE,RefractionDepthBias,,HERO,,Dead overrides may cause unpredictable shading: RefractionDepthBias
/Game/Melodia/Characters/Melusina/Materials/MI_Melusina_Metal_2__Matcap__002,/Game/EnvSandbox/Materials/Masters/M_Master_Toon_Universal.M_Master_Toon_Universal,OK,,,HERO,,Live overrides present
/Game/Melodia/Characters/Melusina/Materials/MI_Melusina_Outline_004,/Game/EnvSandbox/Materials/Masters/M_Master_Toon_Universal.M_Master_Toon_Universal,OK,,,HERO,,Live overrides present
/Game/Melodia/Characters/Melusina/Materials/MI_Melusina_Outline_005,/Game/EnvSandbox/Materials/Masters/M_Master_Toon_Universal.M_Master_Toon_Universal,OK,,,HERO,,Live overrides present
/Game/Melodia/Characters/Melusina/Materials/MI_Melusina_Outline_Shader_star_023,/Game/EnvSandbox/Materials/Masters/M_Master_Toon_Universal.M_Master_Toon_Universal,OK,,,HERO,,Live overrides present
/Game/Melodia/Characters/Melusina/Materials/MI_Melusina_Outline_Shader_star_024,/Game/EnvSandbox/Materials/Masters/M_Master_Toon_Universal.M_Master_Toon_Universal,OK,,,HERO,,Live overrides present
/Game/Melodia/Characters/Melusina/Materials/MI_Melusina_Outline_Shader_star_025,/Game/EnvSandbox/Materials/Masters/M_Master_Toon_Universal.M_Master_Toon_Universal,OK,,,HERO,,Live overrides present
/Game/Melodia/Characters/Melusina/Materials/MI_Melusina_Outline_Shader_star_026,/Game/EnvSandbox/Materials/Masters/M_Master_Toon_Universal.M_Master_Toon_Universal,OK,,,HERO,,Live overrides present
/Game/Melodia/Characters/Melusina/Materials/MI_Melusina_Outline_Shader_star_027,/Game/EnvSandbox/Materials/Masters/M_Master_Toon_Universal.M_Master_Toon_Universal,OK,,,HERO,,Live overrides present
/Game/Melodia/Characters/Melusina/Materials/MI_Melusina_Outline_Shader_star_028,/Game/EnvSandbox/Materials/Masters/M_Master_Toon_Universal.M_Master_Toon_Universal,OK,,,HERO,,Live overrides present
/Game/Melodia/Characters/Melusina/Materials/MI_Melusina_Outline_Shader_star_029,/Game/EnvSandbox/Materials/Masters/M_Master_Toon_Universal.M_Master_Toon_Universal,OK,,,HERO,,Live overrides present
/Game/Melodia/Characters/Melusina/Materials/MI_Melusina_Outline_Shader_star_030,/Game/EnvSandbox/Materials/Masters/M_Master_Toon_Universal.M_Master_Toon_Universal,OK,,,HERO,,Live overrides present
/Game/Melodia/Characters/Melusina/Materials/MI_Melusina_Outline_Shader_star_032,/Game/EnvSandbox/Materials/Masters/M_Master_Toon_Universal.M_Master_Toon_Universal,OK,,,HERO,,Live overrides present
/Game/Melodia/Characters/Melusina/Materials/MI_Melusina_Outline_Shader_star_034,/Game/EnvSandbox/Materials/Masters/M_Master_Toon_Universal.M_Master_Toon_Universal,OK,,,HERO,,Live overrides present
/Game/Melodia/Characters/Melusina/Materials/MI_Melusina_SBW_MELUSINA_006,/Game/EnvSandbox/Materials/Masters/M_Master_Toon_Universal.M_Master_Toon_Universal,OK,,,HERO,,Live overrides present
/Game/Melodia/Characters/Melusina/Materials/MI_Melusina_SBW_MELUSINA_007,/Game/EnvSandbox/Materials/Masters/M_Master_Toon_Universal.M_Master_Toon_Universal,DEAD-OVERRIDE,RefractionDepthBias,,HERO,,Dead overrides may cause unpredictable shading: RefractionDepthBias
/Game/Melodia/Characters/Melusina/Materials/MI_Melusina_SHAWL_001,/Game/EnvSandbox/Materials/Masters/M_Master_Toon_Universal.M_Master_Toon_Universal,OK,,,HERO,,Live overrides present
/Game/Melodia/Characters/Melusina/Materials/MI_Melusina_SKIRT_003,/Game/EnvSandbox/Materials/Masters/M_Master_Toon_Universal.M_Master_Toon_Universal,DEAD-OVERRIDE,RefractionDepthBias,,HERO,,Dead overrides may cause unpredictable shading: RefractionDepthBias
/Game/Melodia/Characters/Melusina/Materials/MI_Melusina_UpdatedShirt,/Game/EnvSandbox/Materials/Masters/M_Master_Toon_Universal.M_Master_Toon_Universal,DEAD-OVERRIDE,RefractionDepthBias,,HERO,,Dead overrides may cause unpredictable shading: RefractionDepthBias
/Game/Melodia/Characters/Melusina/Materials/MI_Melusina_bow_002,/Game/EnvSandbox/Materials/Masters/M_Master_Toon_Universal.M_Master_Toon_Universal,DEAD-OVERRIDE,RefractionDepthBias,,HERO,,Dead overrides may cause unpredictable shading: RefractionDepthBias
/Game/Melodia/Characters/Melusina/Materials/MI_Melusina_frontpanel_001,/Game/EnvSandbox/Materials/Masters/M_Master_Toon_Universal.M_Master_Toon_Universal,DEAD-OVERRIDE,RefractionDepthBias,,HERO,,Dead overrides may cause unpredictable shading: RefractionDepthBias
/Game/Melodia/Characters/Melusina/Materials/MI_Melusina_skirtpanel_002,/Game/EnvSandbox/Materials/Masters/M_Master_Toon_Universal.M_Master_Toon_Universal,DEAD-OVERRIDE,RefractionDepthBias,,HERO,,Dead overrides may cause unpredictable shading: RefractionDepthBias
/Game/Melodia/Characters/Melusina/Materials/MI_Melusina_sleeve_003,/Game/EnvSandbox/Materials/Masters/M_Master_Toon_Universal.M_Master_Toon_Universal,DEAD-OVERRIDE,RefractionDepthBias,,HERO,,Dead overrides may cause unpredictable shading: RefractionDepthBias
/Game/Melodia/Characters/Melusina/Textures/Clothes/MI_Starskiff_Brass,/Game/EnvSandbox/Materials/Masters/M_Master_Toon_Universal.M_Master_Toon_Universal,OK,,,HERO,,Live overrides present
/Game/Melodia/Characters/Melusina/Textures/Clothes/MI_Starskiff_Cushion,/Game/EnvSandbox/Materials/Masters/M_Master_Toon_Universal.M_Master_Toon_Universal,OK,,,HERO,,Live overrides present
/Game/Melodia/Characters/Melusina/Textures/Clothes/MI_Starskiff_Hull_Regal,/Game/EnvSandbox/Materials/Masters/M_Master_Toon_Universal.M_Master_Toon_Universal,MARBLE-DEFAULT,,Albedo,HERO,,Missing albedo texture - will show master default (likely grey/marble)
/Game/Melodia/Characters/Melusina/Textures/Clothes/MI_Starskiff_LanternGlass,/Game/EnvSandbox/Materials/Masters/M_Master_Toon_Universal.M_Master_Toon_Universal,OK,,,HERO,,Live overrides present
/Game/Melodia/Characters/Melusina/Textures/Clothes/MI_Starskiff_PlankNail,/Game/EnvSandbox/Materials/Masters/M_Master_Toon_Universal.M_Master_Toon_Universal,OK,,,HERO,,Live overrides present
/Game/Melodia/Characters/Melusina/Textures/Clothes/MI_Starskiff_Wake_Emission,/Game/EnvSandbox/Materials/Masters/M_Master_Toon_Universal.M_Master_Toon_Universal,MARBLE-DEFAULT,,Albedo,HERO,,Missing albedo texture - will show master default (likely grey/marble)
/Game/Melodia/Characters/SirMelodious/Materials/MI_SirMelodious_Feet,/Game/EnvSandbox/Materials/Masters/M_Master_Toon_Universal.M_Master_Toon_Universal,OK,,,HERO,,Live overrides present
/Game/Melodia/Characters/SirMelodious/Materials/MI_SirMelodious_Sirmelo,/Game/EnvSandbox/Materials/Masters/M_Master_Toon_Universal.M_Master_Toon_Universal,OK,,,HERO,,Live overrides present
/Game/Melodia/Characters/Zundamon/MI_Zundamon_Body,,ORPHAN,,,BACKGROUND,,No parent - will render as default grey
/Game/Melodia/Characters/Zundamon/MI_Zundamon_Cloth,,ORPHAN,,,BACKGROUND,,No parent - will render as default grey
/Game/Melodia/Characters/Zundamon/MI_Zundamon_Eye,,ORPHAN,,,BACKGROUND,,No parent - will render as default grey
/Game/Melodia/Characters/Zundamon/MI_Zundamon_Hair,,ORPHAN,,,BACKGROUND,,No parent - will render as default grey
/Game/Melodia/Characters/Zundamon/MI_Zundamon_Head,,ORPHAN,,,BACKGROUND,,No parent - will render as default grey
/Game/Melodia/Characters/Zundamon/MI_Zundamon_Tail,,ORPHAN,,,BACKGROUND,,No parent - will render as default grey
/Game/Melodia/Companions/ChoralSheep/MI_ChoralSheep_Body,/Game/EnvSandbox/Materials/Masters/M_Master_Toon_Character.M_Master_Toon_Character,OK,,,HERO,,Live overrides present
/Game/Melodia/Enemies/StoneGolem/MI_StoneGolem_Toon,/Game/EnvSandbox/Materials/Masters/M_Master_Toon_Universal.M_Master_Toon_Universal,MARBLE-DEFAULT,,Albedo,HERO,,Missing albedo texture - will show master default (likely grey/marble)
/Game/Melodia/Enemies/Zundapal/MI_Zundapal_Toon,/Game/EnvSandbox/Materials/Masters/M_Master_Toon_Universal.M_Master_Toon_Universal,MARBLE-DEFAULT,,Albedo,HERO,,Missing albedo texture - will show master default (likely grey/marble)
/Game/Melodia/Materials/DistanceField/MI_DF_ContactBlend_Soft,/Game/EnvSandbox/Materials/Masters/M_Master_Toon_Universal.M_Master_Toon_Universal,MARBLE-DEFAULT,,Albedo,HERO,,Missing albedo texture - will show master default (likely grey/marble)
/Game/Melodia/Nikki/Materials/MI_Nikki_Iridescent,/Game/EnvSandbox/Materials/Masters/M_Master_Toon_Universal.M_Master_Toon_Universal,OK,,,HERO,,Live overrides present
/Game/Melodia/SeaAbove/Materials/MI_Brass_FarawayMother,,ORPHAN,,,BACKGROUND,,Parent load failed - likely pink/missing
/Game/Melodia/SeaAbove/Materials/MI_Brass_Nautilus,,ORPHAN,,,BACKGROUND,,Parent load failed - likely pink/missing
/Game/Melodia/SeaAbove/Materials/MI_Starskiff_Hull,/Game/EnvSandbox/Materials/Masters/M_Master_Toon_Universal.M_Master_Toon_Universal,OK,,,HERO,,Live overrides present
/Game/Melodia/SeaAbove/Materials/MI_Starskiff_Night_Hull,/Game/EnvSandbox/Materials/Masters/M_Master_Toon_Universal.M_Master_Toon_Universal,OK,,,HERO,,Live overrides present
/Game/Melodia/SeaAbove/Materials/MI_Starskiff_Night_Wake,/Game/EnvSandbox/Materials/Masters/M_Master_Toon_Universal.M_Master_Toon_Universal,MARBLE-DEFAULT,,Albedo,HERO,,Missing albedo texture - will show master default (likely grey/marble)
/Game/Melodia/SeaAbove/Materials/MI_Starskiff_Wake,/Game/EnvSandbox/Materials/Masters/M_Master_Toon_Universal.M_Master_Toon_Universal,OK,,,HERO,,Live overrides present
/Game/Melodia/UI/Textures/Figma/T_Melodia_Figma_Asset_MI_Sphere,,ORPHAN,,,BACKGROUND,,Parent load failed - likely pink/missing
/Game/Melodia/UI/Textures/Figma/T_Melodia_Figma_asset_mi_MI_Cosmic_AuroraVeil,,ORPHAN,,,BACKGROUND,,Parent load failed - likely pink/missing
/Game/Melodia/UI/Textures/Figma/T_Melodia_Figma_asset_mi_MI_Cosmic_BlueNebulaA,,ORPHAN,,,BACKGROUND,,Parent load failed - likely pink/missing
/Game/Melodia/UI/Textures/Figma/T_Melodia_Figma_asset_mi_MI_Cosmic_BlueNebulaB,,ORPHAN,,,BACKGROUND,,Parent load failed - likely pink/missing
/Game/Melodia/UI/Textures/Figma/T_Melodia_Figma_asset_mi_MI_Cosmic_BlueNebulaC,,ORPHAN,,,BACKGROUND,,Parent load failed - likely pink/missing
/Game/Melodia/UI/Textures/Figma/T_Melodia_Figma_asset_mi_MI_Cosmic_EclipseHalo,,ORPHAN,,,BACKGROUND,,Parent load failed - likely pink/missing
/Game/Melodia/UI/Textures/Figma/T_Melodia_Figma_asset_mi_MI_Cosmic_PurpleNebulaA,,ORPHAN,,,BACKGROUND,,Parent load failed - likely pink/missing
/Game/Melodia/UI/Textures/Figma/T_Melodia_Figma_asset_mi_MI_Cosmic_PurpleNebulaB,,ORPHAN,,,BACKGROUND,,Parent load failed - likely pink/missing
/Game/Melodia/UI/Textures/Figma/T_Melodia_Figma_asset_mi_MI_Cosmic_PurpleNebulaC,,ORPHAN,,,BACKGROUND,,Parent load failed - likely pink/missing
/Game/Melodia/UI/Textures/Figma/T_Melodia_Figma_asset_mi_MI_Cosmic_StarfieldA,,ORPHAN,,,BACKGROUND,,Parent load failed - likely pink/missing
/Game/Melodia/UI/Textures/Figma/T_Melodia_Figma_asset_mi_MI_Cosmic_StarfieldB,,ORPHAN,,,BACKGROUND,,Parent load failed - likely pink/missing
/Game/Melodia/UI/Textures/Figma/T_Melodia_Figma_asset_mi_MI_Cosmic_StarfieldC,,ORPHAN,,,BACKGROUND,,Parent load failed - likely pink/missing
/Game/Melodia/UI/Textures/Figma/T_Melodia_Figma_asset_mi_MI_Cosmic_VoidDeep,,ORPHAN,,,BACKGROUND,,Parent load failed - likely pink/missing
/Game/Melodia/_PROJECT/04_Materials/Cathedral/MI_CathedralFloor_Textured,/Game/EnvSandbox/Materials/Masters/M_Master_Toon_Universal.M_Master_Toon_Universal,MARBLE-DEFAULT,,Albedo,HERO,,Missing albedo texture - will show master default (likely grey/marble)
/Game/Melodia/_PROJECT/04_Materials/Cathedral/MI_LF_StainedGlass,/Game/EnvSandbox/Materials/Masters/M_Master_Toon_Universal.M_Master_Toon_Universal,MARBLE-DEFAULT,,Albedo,HERO,,Missing albedo texture - will show master default (likely grey/marble)
/Game/Melodia/_PROJECT/04_Materials/Cosmo/Instances/MI_Cosmo_Master_AudioDriven,/Game/_PROJECT/04_Materials/Cosmo/M_Cosmo_Master.M_Cosmo_Master,DEAD-OVERRIDE,AudioReactivity; Gilding; InkAmount; NormalMapScale; ParallaxAmount; Roughness; TriplanarEnable,,HERO,,Dead overrides may cause unpredictable shading: AudioReactivity; Gilding; InkAmount; NormalMapScale; Paralla
/Game/Melodia/_PROJECT/04_Materials/Cosmo/Instances/MI_Cosmo_Master_Balanced,/Game/_PROJECT/04_Materials/Cosmo/M_Cosmo_Master.M_Cosmo_Master,DEAD-OVERRIDE,AudioReactivity; Gilding; InkAmount; NormalMapScale; ParallaxAmount; Roughness; TriplanarEnable,,HERO,,Dead overrides may cause unpredictable shading: AudioReactivity; Gilding; InkAmount; NormalMapScale; Paralla
/Game/Melodia/_PROJECT/04_Materials/Cosmo/Instances/MI_Cosmo_Master_Enhanced,/Game/_PROJECT/04_Materials/Cosmo/M_Cosmo_Master.M_Cosmo_Master,DEAD-OVERRIDE,AudioReactivity; Gilding; InkAmount; NormalMapScale; ParallaxAmount; Roughness; TriplanarEnable,,HERO,,Dead overrides may cause unpredictable shading: AudioReactivity; Gilding; InkAmount; NormalMapScale; Paralla
/Game/Melodia/_PROJECT/04_Materials/Cosmo/Instances/MI_Cosmo_Master_GildingMax,/Game/_PROJECT/04_Materials/Cosmo/M_Cosmo_Master.M_Cosmo_Master,DEAD-OVERRIDE,AudioReactivity; Gilding; InkAmount; NormalMapScale; ParallaxAmount; Roughness; TriplanarEnable,,HERO,,Dead overrides may cause unpredictable shading: AudioReactivity; Gilding; InkAmount; NormalMapScale; Paralla
/Game/Melodia/_PROJECT/04_Materials/Cosmo/Instances/MI_Cosmo_Master_TriplanarMax,/Game/_PROJECT/04_Materials/Cosmo/M_Cosmo_Master.M_Cosmo_Master,DEAD-OVERRIDE,AudioReactivity; Gilding; InkAmount; NormalMapScale; ParallaxAmount; Roughness; TriplanarEnable,,HERO,,Dead overrides may cause unpredictable shading: AudioReactivity; Gilding; InkAmount; NormalMapScale; Paralla
/Game/Melodia/_PROJECT/04_Materials/Cosmo/MI_Cosmo_Aurora_Teal,/Game/_PROJECT/04_Materials/Cosmo/M_Cosmo_Master.M_Cosmo_Master,DEAD-OVERRIDE,RefractionDepthBias,,HERO,,Dead overrides may cause unpredictable shading: RefractionDepthBias
/Game/Melodia/_PROJECT/04_Materials/Cosmo/MI_Cosmo_DreamPastel,/Game/_PROJECT/04_Materials/Cosmo/M_Cosmo_Master.M_Cosmo_Master,OK,,,HERO,,Live overrides present
/Game/Melodia/_PROJECT/04_Materials/Cosmo/MI_Cosmo_Ember_Gold,/Game/_PROJECT/04_Materials/Cosmo/M_Cosmo_Master.M_Cosmo_Master,DEAD-OVERRIDE,RefractionDepthBias,,HERO,,Dead overrides may cause unpredictable shading: RefractionDepthBias
/Game/Melodia/_PROJECT/04_Materials/Cosmo/MI_Cosmo_Nebula_Violet,/Game/_PROJECT/04_Materials/Cosmo/M_Cosmo_Master.M_Cosmo_Master,OK,,,HERO,,Live overrides present
/Game/Melodia/_PROJECT/04_Materials/Landscape/Instances/MI_AdvancedLandscape_Balanced,/Game/_PROJECT/04_Materials/Landscape/M_AdvancedLandscape_HeightBlend.M_AdvancedLandscape_HeightBlend,OK,,,HERO,,Live overrides present
/Game/Melodia/_PROJECT/04_Materials/Landscape/Instances/MI_AdvancedLandscape_Enhanced,/Game/_PROJECT/04_Materials/Landscape/M_AdvancedLandscape_HeightBlend.M_AdvancedLandscape_HeightBlend,OK,,,HERO,,Live overrides present
/Game/Melodia/_PROJECT/04_Materials/Landscape/Instances/MI_AdvancedLandscape_InkFocus,/Game/_PROJECT/04_Materials/Landscape/M_AdvancedLandscape_HeightBlend.M_AdvancedLandscape_HeightBlend,OK,,,HERO,,Live overrides present
/Game/Melodia/_PROJECT/04_Materials/Landscape/Instances/MI_HybridLandscape_Balanced,/Game/_PROJECT/04_Materials/Landscape/M_HybridLandscape_MooaToonSDF.M_HybridLandscape_MooaToonSDF,DEAD-OVERRIDE,AudioReactivity; Gilding; InkAmount; NormalMapScale; ParallaxAmount; Roughness; TriplanarEnable,,HERO,,Dead overrides may cause unpredictable shading: AudioReactivity; Gilding; InkAmount; NormalMapScale; Paralla
/Game/Melodia/_PROJECT/04_Materials/Landscape/Instances/MI_HybridLandscape_Enhanced,/Game/_PROJECT/04_Materials/Landscape/M_HybridLandscape_MooaToonSDF.M_HybridLandscape_MooaToonSDF,DEAD-OVERRIDE,AudioReactivity; Gilding; InkAmount; NormalMapScale; ParallaxAmount; Roughness; TriplanarEnable,,HERO,,Dead overrides may cause unpredictable shading: AudioReactivity; Gilding; InkAmount; NormalMapScale; Paralla
/Game/Melodia/_PROJECT/04_Materials/Landscape/Instances/MI_HybridLandscape_InkFocus,/Game/_PROJECT/04_Materials/Landscape/M_HybridLandscape_MooaToonSDF.M_HybridLandscape_MooaToonSDF,DEAD-OVERRIDE,AudioReactivity; Gilding; InkAmount; NormalMapScale; ParallaxAmount; Roughness; TriplanarEnable,,HERO,,Dead overrides may cause unpredictable shading: AudioReactivity; Gilding; InkAmount; NormalMapScale; Paralla
/Game/Melodia/_PROJECT/04_Materials/PostProcess/Candidates/Profiles/MI_MelodiaInk_GameplayStandard,/Game/Melodia/_PROJECT/04_Materials/PostProcess/M_PP_MelodiaInk.M_PP_MelodiaInk,DEAD-OVERRIDE,RefractionDepthBias,,HERO,,Dead overrides may cause unpredictable shading: RefractionDepthBias
/Game/Melodia/_PROJECT/04_Materials/PostProcess/Candidates/Profiles/MI_MelodiaInk_Narrative,/Game/Melodia/_PROJECT/04_Materials/PostProcess/M_PP_MelodiaInk.M_PP_MelodiaInk,DEAD-OVERRIDE,RefractionDepthBias,,HERO,,Dead overrides may cause unpredictable shading: RefractionDepthBias
/Game/Melodia/_PROJECT/04_Materials/PostProcess/Candidates/Profiles/MI_MelodiaInk_PortfolioHero,/Game/Melodia/_PROJECT/04_Materials/PostProcess/M_PP_MelodiaInk.M_PP_MelodiaInk,DEAD-OVERRIDE,RefractionDepthBias,,HERO,,Dead overrides may cause unpredictable shading: RefractionDepthBias
/Game/Melodia/_PROJECT/04_Materials/PostProcess/Candidates/Profiles/MI_MeluColorGrade_GameplayStandard,/Game/_PROJECT/04_Materials/PostProcess/M_PP_MeluColorGrade.M_PP_MeluColorGrade,OK,,,HERO,,Live overrides present
/Game/Melodia/_PROJECT/04_Materials/PostProcess/Candidates/Profiles/MI_MeluColorGrade_Narrative,/Game/_PROJECT/04_Materials/PostProcess/M_PP_MeluColorGrade.M_PP_MeluColorGrade,OK,,,HERO,,Live overrides present
/Game/Melodia/_PROJECT/04_Materials/PostProcess/Candidates/Profiles/MI_MeluColorGrade_PortfolioHero,/Game/_PROJECT/04_Materials/PostProcess/M_PP_MeluColorGrade.M_PP_MeluColorGrade,DEAD-OVERRIDE,RefractionDepthBias,,HERO,,Dead overrides may cause unpredictable shading: RefractionDepthBias
/Game/Melodia/_PROJECT/04_Materials/PostProcess/Candidates/Profiles/MI_MeluGrade_Gameplay,/Game/_PROJECT/04_Materials/PostProcess/M_PP_MeluColorGrade.M_PP_MeluColorGrade,OK,,,HERO,,Live overrides present
/Game/Melodia/_PROJECT/04_Materials/PostProcess/Candidates/Profiles/MI_MeluGrade_Hero,/Game/_PROJECT/04_Materials/PostProcess/M_PP_MeluColorGrade.M_PP_MeluColorGrade,OK,,,HERO,,Live overrides present
/Game/Melodia/_PROJECT/04_Materials/SDF/MI_Architecture_GothicCathedral,,ORPHAN,,,BACKGROUND,,No parent - will render as default grey
/Game/Melodia/_PROJECT/04_Materials/SDF/MI_Architecture_ModernGeo,,ORPHAN,,,BACKGROUND,,No parent - will render as default grey
/Game/Melodia/_PROJECT/04_Materials/SDF/MI_Architecture_RomanBastille,,ORPHAN,,,BACKGROUND,,No parent - will render as default grey
/Game/Melodia/_PROJECT/04_Materials/SDF/MI_Baroque_GildedRose,/Game/_PROJECT/04_Materials/SDF/M_SDF_Baroque.M_SDF_Baroque,OK,,,HERO,,Live overrides present
/Game/Melodia/_PROJECT/04_Materials/SDF/MI_Baroque_InkwellRelief,/Game/_PROJECT/04_Materials/SDF/M_SDF_Baroque.M_SDF_Baroque,DEAD-OVERRIDE,RefractionDepthBias,,HERO,,Dead overrides may cause unpredictable shading: RefractionDepthBias
/Game/Melodia/_PROJECT/04_Materials/SDF/MI_HybridStone_SDF,/Game/EnvSandbox/Materials/Masters/M_Master_Toon_Universal.M_Master_Toon_Universal,MARBLE-DEFAULT,,Albedo,HERO,,Missing albedo texture - will show master default (likely grey/marble)
/Game/Melodia/_PROJECT/04_Materials/SDF/MI_Music_AquaWave,/Game/_PROJECT/04_Materials/SDF/M_SDF_Musical.M_SDF_Musical,DEAD-OVERRIDE,RefractionDepthBias,,HERO,,Dead overrides may cause unpredictable shading: RefractionDepthBias
/Game/Melodia/_PROJECT/04_Materials/SDF/MI_Music_NeonPulse,/Game/_PROJECT/04_Materials/SDF/M_SDF_Musical.M_SDF_Musical,OK,,,HERO,,Live overrides present
/Game/Melodia/_PROJECT/04_Materials/SDF/MI_Music_SunsetEQ,/Game/_PROJECT/04_Materials/SDF/M_SDF_Musical.M_SDF_Musical,OK,,,HERO,,Live overrides present
/Game/Melodia/_PROJECT/04_Materials/SDF/MI_MusicalSDF_AmberGlow,/Game/_PROJECT/04_Materials/SDF/M_MusicalSDF_PulsingGeometry.M_MusicalSDF_PulsingGeometry,OK,,,HERO,,Live overrides present
/Game/Melodia/_PROJECT/04_Materials/SDF/MI_MusicalSDF_CyanPulse,/Game/EnvSandbox/Materials/SDF/Instances/MI_SDF_TealCeramic.MI_SDF_TealCeramic,DEAD-OVERRIDE,RefractionDepthBias,,HERO,,Dead overrides may cause unpredictable shading: RefractionDepthBias
/Game/Melodia/_PROJECT/04_Materials/SDF/MI_MusicalSDF_PulsingGeometry,/Game/EnvSandbox/Materials/Masters/M_Master_Toon_Universal.M_Master_Toon_Universal,MARBLE-DEFAULT,,Albedo,HERO,,Missing albedo texture - will show master default (likely grey/marble)
/Game/Melodia/_PROJECT/04_Materials/SDF/MI_Parallax_FLAT_TEST,/Game/_PROJECT/04_Materials/SDF/M_SDF_TrueParallax.M_SDF_TrueParallax,DEAD-OVERRIDE,RefractionDepthBias,,HERO,,Dead overrides may cause unpredictable shading: RefractionDepthBias
/Game/Melodia/_PROJECT/04_Materials/SDF/MI_SDF_Baroque,/Game/EnvSandbox/Materials/Masters/M_Master_Toon_Universal.M_Master_Toon_Universal,MARBLE-DEFAULT,,Albedo,HERO,,Missing albedo texture - will show master default (likely grey/marble)
/Game/Melodia/_PROJECT/04_Materials/SDF/MI_SDF_BaroqueColumn,/Game/EnvSandbox/Materials/Masters/M_Master_Toon_Universal.M_Master_Toon_Universal,MARBLE-DEFAULT,,Albedo,HERO,,Missing albedo texture - will show master default (likely grey/marble)
/Game/Melodia/_PROJECT/04_Materials/SDF/MI_SDF_CathedralVault,/Game/EnvSandbox/Materials/Masters/M_Master_Toon_Universal.M_Master_Toon_Universal,MARBLE-DEFAULT,,Albedo,HERO,,Missing albedo texture - will show master default (likely grey/marble)
/Game/Melodia/_PROJECT/04_Materials/SDF/MI_SDF_CosmicPortal,/Game/EnvSandbox/Materials/Masters/M_Master_Toon_Universal.M_Master_Toon_Universal,MARBLE-DEFAULT,,Albedo,HERO,,Missing albedo texture - will show master default (likely grey/marble)
/Game/Melodia/_PROJECT/04_Materials/SDF/MI_SDF_CrystallineSpire,/Game/EnvSandbox/Materials/Masters/M_Master_Toon_Universal.M_Master_Toon_Universal,MARBLE-DEFAULT,,Albedo,HERO,,Missing albedo texture - will show master default (likely grey/marble)
/Game/Melodia/_PROJECT/04_Materials/SDF/MI_SDF_EscherGeometry_Enhanced,/Game/EnvSandbox/Materials/Masters/M_Master_Toon_Universal.M_Master_Toon_Universal,MARBLE-DEFAULT,,Albedo,HERO,,Missing albedo texture - will show master default (likely grey/marble)
/Game/Melodia/_PROJECT/04_Materials/SDF/MI_SDF_FloatingNotes,/Game/EnvSandbox/Materials/Masters/M_Master_Toon_Universal.M_Master_Toon_Universal,MARBLE-DEFAULT,,Albedo,HERO,,Missing albedo texture - will show master default (likely grey/marble)
/Game/Melodia/_PROJECT/04_Materials/SDF/MI_SDF_FloralMagic,/Game/EnvSandbox/Materials/Masters/M_Master_Toon_Universal.M_Master_Toon_Universal,MARBLE-DEFAULT,,Albedo,HERO,,Missing albedo texture - will show master default (likely grey/marble)
/Game/Melodia/_PROJECT/04_Materials/SDF/MI_SDF_FlyingButtress,/Game/EnvSandbox/Materials/Masters/M_Master_Toon_Universal.M_Master_Toon_Universal,MARBLE-DEFAULT,,Albedo,HERO,,Missing albedo texture - will show master default (likely grey/marble)
/Game/Melodia/_PROJECT/04_Materials/SDF/MI_SDF_FractalOrnament,/Game/EnvSandbox/Materials/Masters/M_Master_Toon_Universal.M_Master_Toon_Universal,MARBLE-DEFAULT,,Albedo,HERO,,Missing albedo texture - will show master default (likely grey/marble)
/Game/Melodia/_PROJECT/04_Materials/SDF/MI_SDF_GildedAltar,/Game/EnvSandbox/Materials/Masters/M_Master_Toon_Universal.M_Master_Toon_Universal,MARBLE-DEFAULT,,Albedo,HERO,,Missing albedo texture - will show master default (likely grey/marble)
/Game/Melodia/_PROJECT/04_Materials/SDF/MI_SDF_GothicArchitecture,/Game/EnvSandbox/Materials/Masters/M_Master_Toon_Universal.M_Master_Toon_Universal,MARBLE-DEFAULT,,Albedo,HERO,,Missing albedo texture - will show master default (likely grey/marble)
/Game/Melodia/_PROJECT/04_Materials/SDF/MI_SDF_GothicArchitecture_Enhanced,/Game/EnvSandbox/Materials/Masters/M_Master_Toon_Universal.M_Master_Toon_Universal,MARBLE-DEFAULT,,Albedo,HERO,,Missing albedo texture - will show master default (likely grey/marble)
/Game/Melodia/_PROJECT/04_Materials/SDF/MI_SDF_GothicRoseWindow,/Game/EnvSandbox/Materials/Masters/M_Master_Toon_Universal.M_Master_Toon_Universal,MARBLE-DEFAULT,,Albedo,HERO,,Missing albedo texture - will show master default (likely grey/marble)
/Game/Melodia/_PROJECT/04_Materials/SDF/MI_SDF_Gothic_RoseGold,/Game/_PROJECT/04_Materials/SDF/M_SDF_RayMarch_Gothic.M_SDF_RayMarch_Gothic,DEAD-OVERRIDE,RefractionDepthBias,,HERO,,Dead overrides may cause unpredictable shading: RefractionDepthBias
/Game/Melodia/_PROJECT/04_Materials/SDF/MI_SDF_GrandStaff_CrossSection,/Game/EnvSandbox/Materials/Masters/M_Master_Toon_Universal.M_Master_Toon_Universal,MARBLE-DEFAULT,,Albedo,HERO,,Missing albedo texture - will show master default (likely grey/marble)
/Game/Melodia/_PROJECT/04_Materials/SDF/MI_SDF_Grass_Field,/Game/EnvSandbox/Materials/Masters/M_Master_Toon_Universal.M_Master_Toon_Universal,MARBLE-DEFAULT,,Albedo,HERO,,Missing albedo texture - will show master default (likely grey/marble)
/Game/Melodia/_PROJECT/04_Materials/SDF/MI_SDF_InfinityMirror,/Game/EnvSandbox/Materials/Masters/M_Master_Toon_Universal.M_Master_Toon_Universal,MARBLE-DEFAULT,,Albedo,HERO,,Missing albedo texture - will show master default (likely grey/marble)
/Game/Melodia/_PROJECT/04_Materials/SDF/MI_SDF_JuliaSet_Quaternion,/Game/EnvSandbox/Materials/Masters/M_Master_Toon_Universal.M_Master_Toon_Universal,MARBLE-DEFAULT,,Albedo,HERO,,Missing albedo texture - will show master default (likely grey/marble)
/Game/Melodia/_PROJECT/04_Materials/SDF/MI_SDF_Klein_Bottle,/Game/EnvSandbox/Materials/Masters/M_Master_Toon_Universal.M_Master_Toon_Universal,MARBLE-DEFAULT,,Albedo,HERO,,Missing albedo texture - will show master default (likely grey/marble)
/Game/Melodia/_PROJECT/04_Materials/SDF/MI_SDF_MagicOrb,/Game/EnvSandbox/Materials/Masters/M_Master_Toon_Universal.M_Master_Toon_Universal,MARBLE-DEFAULT,,Albedo,HERO,,Missing albedo texture - will show master default (likely grey/marble)
/Game/Melodia/_PROJECT/04_Materials/SDF/MI_SDF_MandelbulbSlice,/Game/EnvSandbox/Materials/Masters/M_Master_Toon_Universal.M_Master_Toon_Universal,MARBLE-DEFAULT,,Albedo,HERO,,Missing albedo texture - will show master default (likely grey/marble)
/Game/Melodia/_PROJECT/04_Materials/SDF/MI_SDF_Mandelbulb_Master,/Game/EnvSandbox/Materials/Masters/M_Master_Toon_Universal.M_Master_Toon_Universal,MARBLE-DEFAULT,,Albedo,HERO,,Missing albedo texture - will show master default (likely grey/marble)
/Game/Melodia/_PROJECT/04_Materials/SDF/MI_SDF_MengerSponge,/Game/EnvSandbox/Materials/Masters/M_Master_Toon_Universal.M_Master_Toon_Universal,MARBLE-DEFAULT,,Albedo,HERO,,Missing albedo texture - will show master default (likely grey/marble)
/Game/Melodia/_PROJECT/04_Materials/SDF/MI_SDF_MetalShards,/Game/EnvSandbox/Materials/Masters/M_Master_Toon_Universal.M_Master_Toon_Universal,MARBLE-DEFAULT,,Albedo,HERO,,Missing albedo texture - will show master default (likely grey/marble)
/Game/Melodia/_PROJECT/04_Materials/SDF/MI_SDF_Mobius_Strip,/Game/EnvSandbox/Materials/Masters/M_Master_Toon_Universal.M_Master_Toon_Universal,MARBLE-DEFAULT,,Albedo,HERO,,Missing albedo texture - will show master default (likely grey/marble)
/Game/Melodia/_PROJECT/04_Materials/SDF/MI_SDF_Musical,/Game/EnvSandbox/Materials/Masters/M_Master_Toon_Universal.M_Master_Toon_Universal,MARBLE-DEFAULT,,Albedo,HERO,,Missing albedo texture - will show master default (likely grey/marble)
/Game/Melodia/_PROJECT/04_Materials/SDF/MI_SDF_OrnamentLayer,/Game/EnvSandbox/Materials/Masters/M_Master_Toon_Universal.M_Master_Toon_Universal,MARBLE-DEFAULT,,Albedo,HERO,,Missing albedo texture - will show master default (likely grey/marble)
/Game/Melodia/_PROJECT/04_Materials/SDF/MI_SDF_OrnamentLayer_Enhanced,/Game/EnvSandbox/Materials/Masters/M_Master_Toon_Universal.M_Master_Toon_Universal,MARBLE-DEFAULT,,Albedo,HERO,,Missing albedo texture - will show master default (likely grey/marble)
/Game/Melodia/_PROJECT/04_Materials/SDF/MI_SDF_Penrose_Staircase,/Game/EnvSandbox/Materials/Masters/M_Master_Toon_Universal.M_Master_Toon_Universal,MARBLE-DEFAULT,,Albedo,HERO,,Missing albedo texture - will show master default (likely grey/marble)
/Game/Melodia/_PROJECT/04_Materials/SDF/MI_SDF_RayMarch_Gothic,/Game/EnvSandbox/Materials/Masters/M_Master_Toon_Universal.M_Master_Toon_Universal,MARBLE-DEFAULT,,Albedo,HERO,,Missing albedo texture - will show master default (likely grey/marble)
/Game/Melodia/_PROJECT/04_Materials/SDF/MI_SDF_SheetMusic_Score,/Game/EnvSandbox/Materials/Masters/M_Master_Toon_Universal.M_Master_Toon_Universal,MARBLE-DEFAULT,,Albedo,HERO,,Missing albedo texture - will show master default (likely grey/marble)
/Game/Melodia/_PROJECT/04_Materials/SDF/MI_SDF_SierpinskiTetrahedron,/Game/EnvSandbox/Materials/Masters/M_Master_Toon_Universal.M_Master_Toon_Universal,MARBLE-DEFAULT,,Albedo,HERO,,Missing albedo texture - will show master default (likely grey/marble)
/Game/Melodia/_PROJECT/04_Materials/SDF/MI_SDF_StarburstGem,/Game/EnvSandbox/Materials/Masters/M_Master_Toon_Universal.M_Master_Toon_Universal,MARBLE-DEFAULT,,Albedo,HERO,,Missing albedo texture - will show master default (likely grey/marble)
/Game/Melodia/_PROJECT/04_Materials/SDF/MI_SDF_TrebleClef_Ornament,/Game/EnvSandbox/Materials/Masters/M_Master_Toon_Universal.M_Master_Toon_Universal,MARBLE-DEFAULT,,Albedo,HERO,,Missing albedo texture - will show master default (likely grey/marble)
/Game/Melodia/_PROJECT/04_Materials/SDF/MI_SDF_TrueParallax,/Game/EnvSandbox/Materials/Masters/M_Master_Toon_Universal.M_Master_Toon_Universal,MARBLE-DEFAULT,,Albedo,HERO,,Missing albedo texture - will show master default (likely grey/marble)
/Game/Melodia/_PROJECT/04_Materials/SDF/MI_SDF_VinylRecord,/Game/EnvSandbox/Materials/Masters/M_Master_Toon_Universal.M_Master_Toon_Universal,MARBLE-DEFAULT,,Albedo,HERO,,Missing albedo texture - will show master default (likely grey/marble)
/Game/Melodia/_PROJECT/04_Materials/SDF/Underwater/MI_SDF_AbyssalVent,/Game/EnvSandbox/Materials/Masters/M_Master_Toon_Universal.M_Master_Toon_Universal,MARBLE-DEFAULT,,Albedo,HERO,,Missing albedo texture - will show master default (likely grey/marble)
/Game/Melodia/_PROJECT/04_Materials/SDF/Underwater/MI_SDF_Anemone,/Game/EnvSandbox/Materials/Masters/M_Master_Toon_Universal.M_Master_Toon_Universal,MARBLE-DEFAULT,,Albedo,HERO,,Missing albedo texture - will show master default (likely grey/marble)
/Game/Melodia/_PROJECT/04_Materials/SDF/Underwater/MI_SDF_Bioluminescence,/Game/EnvSandbox/Materials/Masters/M_Master_Toon_Universal.M_Master_Toon_Universal,MARBLE-DEFAULT,,Albedo,HERO,,Missing albedo texture - will show master default (likely grey/marble)
/Game/Melodia/_PROJECT/04_Materials/SDF/Underwater/MI_SDF_BubbleColumn,/Game/EnvSandbox/Materials/Masters/M_Master_Toon_Universal.M_Master_Toon_Universal,MARBLE-DEFAULT,,Albedo,HERO,,Missing albedo texture - will show master default (likely grey/marble)
/Game/Melodia/_PROJECT/04_Materials/SDF/Underwater/MI_SDF_Caustics_Underwater,/Game/EnvSandbox/Materials/Masters/M_Master_Toon_Universal.M_Master_Toon_Universal,MARBLE-DEFAULT,,Albedo,HERO,,Missing albedo texture - will show master default (likely grey/marble)
/Game/Melodia/_PROJECT/04_Materials/SDF/Underwater/MI_SDF_CoralBranching,/Game/EnvSandbox/Materials/Masters/M_Master_Toon_Universal.M_Master_Toon_Universal,MARBLE-DEFAULT,,Albedo,HERO,,Missing albedo texture - will show master default (likely grey/marble)
/Game/Melodia/_PROJECT/04_Materials/SDF/Underwater/MI_SDF_FishSchool_Caustics,/Game/EnvSandbox/Materials/Masters/M_Master_Toon_Universal.M_Master_Toon_Universal,MARBLE-DEFAULT,,Albedo,HERO,,Missing albedo texture - will show master default (likely grey/marble)
/Game/Melodia/_PROJECT/04_Materials/SDF/Underwater/MI_SDF_KelpCurtain,/Game/EnvSandbox/Materials/Masters/M_Master_Toon_Universal.M_Master_Toon_Universal,MARBLE-DEFAULT,,Albedo,HERO,,Missing albedo texture - will show master default (likely grey/marble)
/Game/Melodia/_PROJECT/04_Materials/SDF/Underwater/MI_SDF_ThermalGlow,/Game/EnvSandbox/Materials/Masters/M_Master_Toon_Universal.M_Master_Toon_Universal,MARBLE-DEFAULT,,Albedo,HERO,,Missing albedo texture - will show master default (likely grey/marble)
/Game/Melodia/_PROJECT/04_Materials/baroque/MI_SDF_BaroqueScrollwork,,ORPHAN,,,BACKGROUND,,No parent - will render as default grey
/Game/Melodia/_PROJECT/04_Materials/baroque/MI_SDF_GildedFiligree,/Game/EnvSandbox/Materials/Masters/M_Master_Toon_Universal.M_Master_Toon_Universal,DEAD-OVERRIDE,BaseRoughness; GlowAmount; RefractionDepthBias; Scale,Albedo,HERO,,Dead overrides may cause unpredictable shading: BaseRoughness; GlowAmount; RefractionDepthBias; Scale
/Game/Melodia/_PROJECT/04_Materials/baroque/MI_SDF_GildedStucco,/Game/EnvSandbox/Materials/Masters/M_Master_Toon_Universal.M_Master_Toon_Universal,MARBLE-DEFAULT,,Albedo,HERO,,Missing albedo texture - will show master default (likely grey/marble)
/Game/Melodia/_PROJECT/04_Materials/baroque/MI_SDF_RoseWindow,/Game/EnvSandbox/Materials/Masters/M_Master_Toon_Universal.M_Master_Toon_Universal,DEAD-OVERRIDE,BaseRoughness; GlowAmount; Petals; RefractionDepthBias; RingFreq,Albedo,HERO,,Dead overrides may cause unpredictable shading: BaseRoughness; GlowAmount; Petals; RefractionDepthBias; Ring
/Game/Melodia/_PROJECT/04_Materials/water/MI_Water_CalmLake,/Game/EnvSandbox/Materials/Masters/M_Water_Master_Grand_v6.M_Water_Master_Grand_v6,OK,,,HERO,,Live overrides present
/Game/Melodia/_PROJECT/04_Materials/water/MI_Water_Ocean,/Game/EnvSandbox/Materials/Masters/M_Water_Master_Grand_v6.M_Water_Master_Grand_v6,DEAD-OVERRIDE,BioluminescenceAmount; RefractionDepthBias,,HERO,,Dead overrides may cause unpredictable shading: BioluminescenceAmount; RefractionDepthBias
/Game/Melodia/_PROJECT/04_Materials/water/MI_Water_Ocean_Infinity,/Game/EnvSandbox/Materials/Masters/M_Water_Master_Grand_v6.M_Water_Master_Grand_v6,OK,,,HERO,,Live overrides present
/Game/Melodia/_PROJECT/Materials/MI_Lookdev_LanternSoftGold,/Game/EnvSandbox/Materials/Masters/M_Master_Toon_Universal.M_Master_Toon_Universal,DEAD-OVERRIDE,TriplanarTiling,,HERO,,Dead overrides may cause unpredictable shading: TriplanarTiling
/Game/Melodia/_PROJECT/VFX/GPU_Effects/Assets/Asteroid_HighDetail_DistFade_MI_BS,,ORPHAN,,,BACKGROUND,,Parent load failed - likely pink/missing
/Game/Melodia/_PROJECT/VFX/Materials/MI_Niagara_MelodiaFlipbook_Water,/Game/_PROJECT/VFX/Materials/M_Niagara_MelodiaFlipbook.M_Niagara_MelodiaFlipbook,OK,,,HERO,,Live overrides present
/Game/Melodia/_PROJECT/VFX/Materials/MI_Niagara_Melodia_SplashFlip,/Game/_PROJECT/VFX/Materials/M_Niagara_MelodiaFlipbook.M_Niagara_MelodiaFlipbook,OK,,,HERO,,Live overrides present
/Game/Melodia/_PROJECT/VFX/Materials/MI_Niagara_Melodia_Static_Arc,/Game/_PROJECT/VFX/Materials/M_Niagara_MelodiaFlipbook.M_Niagara_MelodiaFlipbook,OK,,,HERO,,Live overrides present
/Game/Melodia/_PROJECT/VFX/Materials/MI_Niagara_Melodia_Static_Chaos,/Game/_PROJECT/VFX/Materials/M_Niagara_MelodiaFlipbook.M_Niagara_MelodiaFlipbook,OK,,,HERO,,Live overrides present
/Game/Melodia/_PROJECT/VFX/Materials/MI_Niagara_Melodia_Static_Dust,/Game/_PROJECT/VFX/Materials/M_Niagara_MelodiaFlipbook.M_Niagara_MelodiaFlipbook,OK,,,HERO,,Live overrides present
/Game/Melodia/_PROJECT/VFX/Materials/MI_Niagara_Melodia_Static_Glint,/Game/_PROJECT/VFX/Materials/M_Niagara_MelodiaFlipbook.M_Niagara_MelodiaFlipbook,OK,,,HERO,,Live overrides present
/Game/Melodia/_PROJECT/VFX/Materials/MI_Niagara_Melodia_Static_Provider,/Game/_PROJECT/VFX/Materials/M_Niagara_MelodiaFlipbook.M_Niagara_MelodiaFlipbook,OK,,,HERO,,Live overrides present
/Game/Melodia/_PROJECT/VFX/Materials/MI_Niagara_Melodia_Static_Ripple,/Game/_PROJECT/VFX/Materials/M_Niagara_MelodiaFlipbook.M_Niagara_MelodiaFlipbook,OK,,,HERO,,Live overrides present
/Game/Melodia/_PROJECT/VFX/Materials/MI_Niagara_Melodia_Static_Sigil,/Game/_PROJECT/VFX/Materials/M_Niagara_MelodiaFlipbook.M_Niagara_MelodiaFlipbook,OK,,,HERO,,Live overrides present
/Game/Melodia/_PROJECT/VFX/Materials/MI_Niagara_Melodia_Static_StarGold,/Game/_PROJECT/VFX/Materials/M_Niagara_MelodiaFlipbook.M_Niagara_MelodiaFlipbook,OK,,,HERO,,Live overrides present
/Game/Melodia/_PROJECT/VFX/Materials/MI_Niagara_Melodia_Static_StateB,/Game/EnvSandbox/VFX/Materials/MI_Niagara_Cosmic.MI_Niagara_Cosmic,DEAD-OVERRIDE,RefractionDepthBias,,HERO,,Dead overrides may cause unpredictable shading: RefractionDepthBias
/Game/Melodia/_PROJECT/houseassets/M_SM_wallz_MI_M_SM_wallz_M_Door_Text_Mat_003_01DFC9BD4911B5111F06429F30F9FC00_6B1206EC43C917422440CF9AF3C969E4,,ORPHAN,,,BACKGROUND,,Parent load failed - likely pink/missing
